LP_LOAN_ID,LOANID,SETTINGS_ID,PLACEMENT_STATUS,PLACEMENT_STATUS_STARTDATE,PLACEMENT_STATUS_ENDDATE
98461,P00062707E49E,98461,Resurgent,2025-07-31,
99603,P0076C4A9DA1A,99603,Resurgent,2025-07-31,
100692,P0080A24AAAFF,100692,Resurgent,2025-07-31,
68471,P008165D0133B,68471,Resurgent,2025-07-31,
99255,P009EF31E965E,99255,Resurgent,2025-07-31,
68703,P00BECEB31BB5,68703,Resurgent,2025-07-31,
69515,P00ED0F8473AF,69515,Resurgent,2025-07-31,
96981,P00F70E650F7B,96981,Resurgent,2025-07-31,
69894,P014DAAE70BC8,69894,Resurgent,2025-07-31,
100934,P014F40DCBCCF,100934,Resurgent,2025-07-31,
98856,P0172230117DC,98856,Resurgent,2025-07-31,
100447,P01C388EFD411,100447,Resurgent,2025-07-31,
100459,P01CD3CB2DEEE,100459,Resurgent,2025-07-31,
100538,P01D5E82EA4BB,100538,Resurgent,2025-07-31,
99262,P01D7294CB98C,99262,Resurgent,2025-07-31,
98617,P01DFFE0EBB84,98617,Resurgent,2025-07-31,
100794,P024C09D097FE,100794,Resurgent,2025-07-31,
100939,P0255EA86B4C1,100939,Resurgent,2025-07-31,
70247,P025CC876D027,70247,Resurgent,2025-07-31,
68525,P028DEFFBBF41,68525,Resurgent,2025-07-31,
96359,P02920A0D1C99,96359,Resurgent,2025-07-31,
99229,P02D76F8B8E34,99229,Resurgent,2025-07-31,
97875,P02EC8EA86EF5,97875,Resurgent,2025-07-31,
97873,P030B3D01B4E2,97873,Resurgent,2025-07-31,
97450,P039241D6BB1E,97450,Resurgent,2025-07-31,
99334,P03AA9B878CA0,99334,Resurgent,2025-07-31,
98886,P03B1B045780E,98886,Resurgent,2025-07-31,
100146,P0458252916C4,100146,Resurgent,2025-07-31,
99764,P04671A39D0A9,99764,Resurgent,2025-07-31,
68517,P048005AD3F7E,68517,Resurgent,2025-07-31,
100749,P0498A59D0E8B,100749,Resurgent,2025-07-31,
97733,P04DDFB6AC300,97733,Resurgent,2025-07-31,
99359,P04EFD40C260C,99359,Resurgent,2025-07-31,
100717,P050825689352,100717,Resurgent,2025-07-31,
99742,P051962BEEF9B,99742,Resurgent,2025-07-31,
97822,P0530FB3A368E,97822,Resurgent,2025-07-31,
96384,P05566CC05E46,96384,Resurgent,2025-07-31,
99554,P056AC1FFD08E,99554,Resurgent,2025-07-31,
68677,P0575BAFEF28A,68677,Resurgent,2025-07-31,
100368,P05D2D6A41132,100368,Resurgent,2025-07-31,
99707,P05DF8A72D140,99707,Resurgent,2025-07-31,
74312,P0608419AB64F,74312,Resurgent,2025-07-31,
99050,P0640B45651D8,99050,Resurgent,2025-07-31,
97113,P06637AE3B338,97113,Resurgent,2025-07-31,
98475,P06805F5AD5D6,98475,Resurgent,2025-07-31,
100108,P06AFF6C107E5,100108,Resurgent,2025-07-31,
98425,P06B990C0B3E0,98425,Resurgent,2025-07-31,
100487,P06DB41DD9176,100487,Resurgent,2025-07-31,
96602,P07391288BE11,96602,Resurgent,2025-07-31,
100589,P074A36772050,100589,Resurgent,2025-07-31,
97340,P074EFEB0F144,97340,Resurgent,2025-07-31,
98782,P076DD67CC679,98782,Resurgent,2025-07-31,
100206,P078E450146B2,100206,Resurgent,2025-07-31,
97289,P0798877A9100,97289,Resurgent,2025-07-31,
72572,P07A415E774D9,72572,Resurgent,2025-07-31,
98498,P07E9FF41EAD0,98498,Resurgent,2025-07-31,
70947,P07EA99AF5C8B,70947,Resurgent,2025-07-31,
100583,P080CDC51C6D6,100583,Resurgent,2025-07-31,
70060,P080E1BDEA1CA,70060,Resurgent,2025-07-31,
99275,P081A054C98B8,99275,Resurgent,2025-07-31,
96837,P0893B5C4CF66,96837,Resurgent,2025-07-31,
100662,P08ABC944DC90,100662,Resurgent,2025-07-31,
99966,P08AF1034BD28,99966,Resurgent,2025-07-31,
99676,P08CD58EE3B97,99676,Resurgent,2025-07-31,
97932,P08D5C8D3C1B9,97932,Resurgent,2025-07-31,
100048,P08D84BB78322,100048,Resurgent,2025-07-31,
97449,P08FCB334DAA1,97449,Resurgent,2025-07-31,
100065,P0908A3439D19,100065,Resurgent,2025-07-31,
70389,P093BF6F18965,70389,Resurgent,2025-07-31,
98409,P09407159DA07,98409,Resurgent,2025-07-31,
71465,P0940CE9FAF19,71465,Resurgent,2025-07-31,
100497,P09AA5DC90426,100497,Resurgent,2025-07-31,
98286,P09CC4BC17D57,98286,Resurgent,2025-07-31,
98419,P0A20244878D9,98419,Resurgent,2025-07-31,
98506,P0A2AEDF5E585,98506,Resurgent,2025-07-31,
98725,P0A672D5568A0,98725,Resurgent,2025-07-31,
67311,P0AB930FFD9B1,67311,Resurgent,2025-07-31,
99032,P0B86E69A71B1,99032,Resurgent,2025-07-31,
98627,P0BB17C8BAC78,98628,Resurgent,2025-07-31,
99732,P0BC7988D3937,99732,Resurgent,2025-07-31,
70036,P0C045AB9B523,70036,Resurgent,2025-07-31,
100802,P0C0D597747E1,100802,Resurgent,2025-07-31,
97719,P0C43A225BD0C,97719,Resurgent,2025-07-31,
99093,P0C56017D9AB4,99093,Resurgent,2025-07-31,
100016,P0C68D6779707,100016,Resurgent,2025-07-31,
98034,P0C9722819040,98034,Resurgent,2025-07-31,
67566,P0CAC6CF0DFA9,67566,Resurgent,2025-07-31,
99398,P0CBCF18A7957,99398,Resurgent,2025-07-31,
99927,P0CCC71734773,99927,Resurgent,2025-07-31,
98806,P0D00453EEFF6,98806,Resurgent,2025-07-31,
97024,P0D18BC1EDDD5,97024,Resurgent,2025-07-31,
97427,P0D71EE6B5A5F,97427,Resurgent,2025-07-31,
96806,P0E1B447EB3B3,96806,Resurgent,2025-07-31,
100899,P0E31587306F5,100899,Resurgent,2025-07-31,
97034,P0E5091819381,97034,Resurgent,2025-07-31,
100469,P0E6D3D50E683,100469,Resurgent,2025-07-31,
97876,P0E7C38F265C7,97876,Resurgent,2025-07-31,
98383,P0E8F0A20D6A8,98383,Resurgent,2025-07-31,
98198,P0E97C534D9D3,98198,Resurgent,2025-07-31,
99720,P0EA05F8F67D5,99720,Resurgent,2025-07-31,
100024,P0EA75D68CB1C,100024,Resurgent,2025-07-31,
71367,P0EF0D6FC56CB,71367,Resurgent,2025-07-31,
100436,P0F0AC6FB1F9D,100436,Resurgent,2025-07-31,
70201,P0F13A9B2605B,70201,Resurgent,2025-07-31,
68309,P0F2661AD9811,68309,Resurgent,2025-07-31,
68664,P0F4990E2D4E7,68664,Resurgent,2025-07-31,
100380,P0F9F6290C6D6,100380,Resurgent,2025-07-31,
70829,P0FB19A5DEE47,70829,Resurgent,2025-07-31,
66647,P0FC0152970F8,66647,Resurgent,2025-07-31,
100782,P0FE1145D0C62,100782,Resurgent,2025-07-31,
99350,P0FE45E4FC6F8,99350,Resurgent,2025-07-31,
98855,P0FFB4512F589,98855,Resurgent,2025-07-31,
96808,P1076DB979EAD,96808,Resurgent,2025-07-31,
96988,P10B441473429,96988,Resurgent,2025-07-31,
97152,P10E7F425B711,97152,Resurgent,2025-07-31,
98087,P10F406D8BA8F,98087,Resurgent,2025-07-31,
68418,P114941BDE5FE,68418,Resurgent,2025-07-31,
100405,P117CA7702D97,100405,Resurgent,2025-07-31,
67820,P119AB2A22B4F,67820,Resurgent,2025-07-31,
100608,P11BACF133022,100608,Resurgent,2025-07-31,
99153,P120AF926F8E5,99153,Resurgent,2025-07-31,
68635,P123D4AEC3B72,68635,Resurgent,2025-07-31,
100426,P12486BC38188,100426,Resurgent,2025-07-31,
100779,P1281D3335FE4,100779,Resurgent,2025-07-31,
69239,P12A5A919C763,69239,Resurgent,2025-07-31,
100858,P12F239B6A085,100858,Resurgent,2025-07-31,
97954,P132CE8F29B6A,97954,Resurgent,2025-07-31,
99643,P1367341A3ACE,99643,Resurgent,2025-07-31,
98447,P1368C8E3C1A3,98447,Resurgent,2025-07-31,
96887,P13774F640F87,96887,Resurgent,2025-07-31,
97242,P138119EBBD7A,97242,Resurgent,2025-07-31,
67595,P13CBF2C0750D,67595,Resurgent,2025-07-31,
100217,P13D1C1BB7586,100217,Resurgent,2025-07-31,
96515,P13DADAD872AF,96515,Resurgent,2025-07-31,
67624,P13EA1C180FBF,67624,Resurgent,2025-07-31,
71848,P13FB344056BD,71848,Resurgent,2025-07-31,
71693,P14095E0910CB,71693,Resurgent,2025-07-31,
100905,P141F9841388C,100905,Resurgent,2025-07-31,
96926,P14398645E01E,96926,Resurgent,2025-07-31,
98450,P147780980C1D,98450,Resurgent,2025-07-31,
100344,P14820416E843,100345,Resurgent,2025-07-31,
71528,P1494ABF6B940,71528,Resurgent,2025-07-31,
97453,P14989A6DCA38,97453,Resurgent,2025-07-31,
96880,P14D68B1D0C3B,96880,Resurgent,2025-07-31,
69852,P14EAB11545D7,69852,Resurgent,2025-07-31,
97249,P150193D4A18F,97249,Resurgent,2025-07-31,
71265,P153C64FE6230,71265,Resurgent,2025-07-31,
97447,P15568E3B7F73,97447,Resurgent,2025-07-31,
97422,P156B950D337F,97422,Resurgent,2025-07-31,
100699,P15725C40DCA7,100699,Resurgent,2025-07-31,
69815,P1587DE6B68DE,69815,Resurgent,2025-07-31,
96639,P15E46915257E,96639,Resurgent,2025-07-31,
100927,P1618387B7461,100927,Resurgent,2025-07-31,
67006,P16188D6E2AAE,67006,Resurgent,2025-07-31,
97129,P161DF301EFEF,97129,Resurgent,2025-07-31,
98297,P16841ECBF995,98297,Resurgent,2025-07-31,
72531,P1696E2408FED,72531,Resurgent,2025-07-31,
97374,P1755CA8198CC,97374,Resurgent,2025-07-31,
98770,P175A5E00AFA7,98770,Resurgent,2025-07-31,
99257,P175C7EFCDF5D,99257,Resurgent,2025-07-31,
99242,P1769140ADBF2,99242,Resurgent,2025-07-31,
98436,P17A472AD8589,98436,Resurgent,2025-07-31,
97716,P17D164919EDB,97716,Resurgent,2025-07-31,
96916,P17E9E6E82137,96916,Resurgent,2025-07-31,
99841,P17EB99C91391,99841,Resurgent,2025-07-31,
70097,P1814AEB198D2,70097,Resurgent,2025-07-31,
100760,P1835C9BB582D,100760,Resurgent,2025-07-31,
98942,P187E9148CECB,98942,Resurgent,2025-07-31,
100000,P1881B298ACC8,100000,Resurgent,2025-07-31,
67251,P1883677B20C8,67251,Resurgent,2025-07-31,
96668,P188A538D178E,96668,Resurgent,2025-07-31,
97225,P18C3F04A485E,97225,Resurgent,2025-07-31,
99712,P18D3981E0742,99712,Resurgent,2025-07-31,
100730,P18E954DD775F,100730,Resurgent,2025-07-31,
99465,P18FCE006578C,99465,Resurgent,2025-07-31,
74936,P19234C315A0B,74936,Resurgent,2025-07-31,
99371,P1935D045F848,99371,Resurgent,2025-07-31,
100478,P194306FC7C04,100478,Resurgent,2025-07-31,
96951,P19437EE4AA20,96951,Resurgent,2025-07-31,
99140,P195C46B1117B,99140,Resurgent,2025-07-31,
67400,P195D51CDC392,67400,Resurgent,2025-07-31,
98373,P1973ECD4D766,98373,Resurgent,2025-07-31,
70753,P19844BCE302F,70753,Resurgent,2025-07-31,
97069,P19A956727E87,97069,Resurgent,2025-07-31,
98936,P19CD6769787A,98936,Resurgent,2025-07-31,
100476,P19E50802A390,100476,Resurgent,2025-07-31,
68891,P1A00B0DB9D63,68891,Resurgent,2025-07-31,
100231,P1A13A3B2411A,100231,Resurgent,2025-07-31,
97942,P1A234B8FF043,97942,Resurgent,2025-07-31,
96485,P1A4EBFA86429,96485,Resurgent,2025-07-31,
99922,P1A4F63E682B3,99922,Resurgent,2025-07-31,
97068,P1A8E72B97100,97068,Resurgent,2025-07-31,
70284,P1A92244FC3F9,70284,Resurgent,2025-07-31,
100230,P1AC5AED1332A,100230,Resurgent,2025-07-31,
99627,P1AD7D86CF3F4,99627,Resurgent,2025-07-31,
99768,P1AF3127F2E8B,99768,Resurgent,2025-07-31,
97283,P1B2EC75D911C,97283,Resurgent,2025-07-31,
99210,P1B5848EDDD29,99210,Resurgent,2025-07-31,
98168,P1B60C1DACF04,98168,Resurgent,2025-07-31,
99538,P1B73057C3CC5,99538,Resurgent,2025-07-31,
68688,P1B7C5BE28185,68688,Resurgent,2025-07-31,
98112,P1B7FA787DA46,98112,Resurgent,2025-07-31,
96711,P1BB551B22303,96711,Resurgent,2025-07-31,
100345,P1BBDBC69589A,100344,Resurgent,2025-07-31,
69123,P1BC96F805044,69123,Resurgent,2025-07-31,
99981,P1BD4710DDB98,99981,Resurgent,2025-07-31,
98010,P1BDC53D990B4,98010,Resurgent,2025-07-31,
99717,P1C08C48F9C64,99717,Resurgent,2025-07-31,
99007,P1C31B9D42563,99007,Resurgent,2025-07-31,
97263,P1C6B178B7AD1,97263,Resurgent,2025-07-31,
98601,P1C81E934CC38,98601,Resurgent,2025-07-31,
97734,P1CDBF8C0FD47,97734,Resurgent,2025-07-31,
98681,P1CE3309B9442,98681,Resurgent,2025-07-31,
98834,P1CEB2163400C,98834,Resurgent,2025-07-31,
70362,P1CFE99113A13,70362,Resurgent,2025-07-31,
99006,P1D1F997F7435,99006,Resurgent,2025-07-31,
99783,P1D34EB5845E4,99783,Resurgent,2025-07-31,
100681,P1DAABACE52DD,100681,Resurgent,2025-07-31,
100893,P1DCA276E4C8E,100893,Resurgent,2025-07-31,
99035,P1E35014D448E,99035,Resurgent,2025-07-31,
100246,P1E39264CD3EA,100246,Resurgent,2025-07-31,
70990,P1E3B7F951B28,70990,Resurgent,2025-07-31,
100601,P1E3C31EB52E0,100601,Resurgent,2025-07-31,
100118,P1E45B76F5F0C,100118,Resurgent,2025-07-31,
98792,P1E539E3FAAAB,98792,Resurgent,2025-07-31,
71813,P1E5ABA93EA9C,71813,Resurgent,2025-07-31,
99212,P1E8313FE4E5D,99212,Resurgent,2025-07-31,
97232,P1E9DDEE425B4,97232,Resurgent,2025-07-31,
98413,P1EA66AFEC1EE,98413,Resurgent,2025-07-31,
99659,P1EB00184B228,99659,Resurgent,2025-07-31,
98999,P1EF9E2C052F4,98999,Resurgent,2025-07-31,
100180,P1EFD7244A39E,100180,Resurgent,2025-07-31,
99186,P1F078C44BA4A,99186,Resurgent,2025-07-31,
98089,P1F2913B40A28,98089,Resurgent,2025-07-31,
98629,P1F6F21705BF8,98629,Resurgent,2025-07-31,
100714,P1F8891B5BED1,100714,Resurgent,2025-07-31,
98753,P1F9F16BA74B3,98753,Resurgent,2025-07-31,
67339,P1FC2EB31B8A4,67339,Resurgent,2025-07-31,
98106,P2024A7165DE4,98106,Resurgent,2025-07-31,
98310,P205A2C58A058,98310,Resurgent,2025-07-31,
97381,P206DF1960931,97381,Resurgent,2025-07-31,
100464,P20D357E87BBB,100464,Resurgent,2025-07-31,
96672,P20D5D99DDEFF,96672,Resurgent,2025-07-31,
98314,P210FBB02BAB7,98314,Resurgent,2025-07-31,
73286,P2153EF0C930E,73286,Resurgent,2025-07-31,
97287,P2193E9C47BB9,97287,Resurgent,2025-07-31,
70691,P21A48EC6704F,70691,Resurgent,2025-07-31,
98628,P21A61CB5D28D,98627,Resurgent,2025-07-31,
99230,P21CF1DAEB57C,99230,Resurgent,2025-07-31,
98503,P22626EC70B4B,98503,Resurgent,2025-07-31,
100173,P22801FA0ECED,100173,Resurgent,2025-07-31,
67770,P2298853404F6,67770,Resurgent,2025-07-31,
97750,P22B9AA4620FF,97750,Resurgent,2025-07-31,
100916,P22BC279E05A0,100916,Resurgent,2025-07-31,
97933,P22D23B7ACF00,97933,Resurgent,2025-07-31,
98572,P2351EAA36D91,98572,Resurgent,2025-07-31,
97376,P23643B3F6EEA,97376,Resurgent,2025-07-31,
99214,P236AF4EED37C,99214,Resurgent,2025-07-31,
96356,P238E917B0279,96356,Resurgent,2025-07-31,
70089,P23CD36D88BA3,70089,Resurgent,2025-07-31,
99570,P23EB73D956BE,99570,Resurgent,2025-07-31,
97988,P2410BC7A1841,97988,Resurgent,2025-07-31,
98594,P2427F53A5561,98594,Resurgent,2025-07-31,
98334,P2462274AA149,98334,Resurgent,2025-07-31,
71341,P24676EF689B0,71341,Resurgent,2025-07-31,
99288,P24A1164D7CAC,99288,Resurgent,2025-07-31,
98544,P24C103505D8E,98544,Resurgent,2025-07-31,
100268,P24EBA3F149CA,100268,Resurgent,2025-07-31,
100253,P24F1DD3E8FA4,100253,Resurgent,2025-07-31,
97437,P255B7A7C47B5,97437,Resurgent,2025-07-31,
98836,P255D12B7C59C,98836,Resurgent,2025-07-31,
66861,P2594FEB133A0,66861,Resurgent,2025-07-31,
99592,P25B6B0D450C6,99592,Resurgent,2025-07-31,
100505,P25D7A1C6B6FB,100505,Resurgent,2025-07-31,
98269,P261DB3BE7775,98269,Resurgent,2025-07-31,
96358,P263A47041FEE,96358,Resurgent,2025-07-31,
99569,P264588A23DB5,99569,Resurgent,2025-07-31,
97418,P264F477003F3,97418,Resurgent,2025-07-31,
100402,P26678B43BCC9,100402,Resurgent,2025-07-31,
70452,P2685EEAA7C3C,70452,Resurgent,2025-07-31,
70260,P269591AC695D,70260,Resurgent,2025-07-31,
98320,P2697EE3E3892,98320,Resurgent,2025-07-31,
97048,P26BFD7DD72FB,97048,Resurgent,2025-07-31,
97791,P26F00549A356,97791,Resurgent,2025-07-31,
99451,P26F9831410A1,99451,Resurgent,2025-07-31,
97027,P272773418870,97027,Resurgent,2025-07-31,
97046,P272E08E36354,97046,Resurgent,2025-07-31,
97444,P2736191672C6,97444,Resurgent,2025-07-31,
99203,P275BD8DE093F,99203,Resurgent,2025-07-31,
98328,P276CDF0BED31,98328,Resurgent,2025-07-31,
71239,P27AA918F138B,71239,Resurgent,2025-07-31,
100061,P27FB04242952,100061,Resurgent,2025-07-31,
100539,P280AC178D995,100539,Resurgent,2025-07-31,
99599,P28252B2878A9,99599,Resurgent,2025-07-31,
71909,P2849C18588E3,71909,Resurgent,2025-07-31,
99509,P28A54B5629A5,99509,Resurgent,2025-07-31,
98025,P293FF56F13A1,98025,Resurgent,2025-07-31,
99455,P295CCF05348F,99455,Resurgent,2025-07-31,
98780,P2974AEC32E4C,98780,Resurgent,2025-07-31,
96666,P299733BFC019,96666,Resurgent,2025-07-31,
99385,P29FA58D8C022,99385,Resurgent,2025-07-31,
99702,P2A1A450D146F,99702,Resurgent,2025-07-31,
98140,P2A35FE3C04AD,98140,Resurgent,2025-07-31,
100677,P2A65AF41AADC,100677,Resurgent,2025-07-31,
98232,P2A861F8B9973,98232,Resurgent,2025-07-31,
100390,P2A8732F7502F,100390,Resurgent,2025-07-31,
99081,P2A9F9DDA9FF2,99081,Resurgent,2025-07-31,
98433,P2AA5D171EBBD,98433,Resurgent,2025-07-31,
97769,P2AA8B95192BB,97769,Resurgent,2025-07-31,
70174,P2AB8A23D7687,70174,Resurgent,2025-07-31,
98798,P2AC29490BC08,98798,Resurgent,2025-07-31,
71717,P2B082D74033D,71717,Resurgent,2025-07-31,
100330,P2B5E6C1E2D3B,100330,Resurgent,2025-07-31,
98412,P2B98E967A099,98412,Resurgent,2025-07-31,
68505,P2BCA8587331B,68505,Resurgent,2025-07-31,
100266,P2BD21071200F,100266,Resurgent,2025-07-31,
98206,P2BE2CA1D8217,98206,Resurgent,2025-07-31,
70943,P2BFBC0871205,70943,Resurgent,2025-07-31,
96703,P2C043F8AD006,96703,Resurgent,2025-07-31,
100158,P2C22DC2EBE32,100158,Resurgent,2025-07-31,
98984,P2C586FC641E8,98984,Resurgent,2025-07-31,
99718,P2C65068017D0,99718,Resurgent,2025-07-31,
100192,P2C65E180B300,100192,Resurgent,2025-07-31,
71182,P2C6F54572D72,71182,Resurgent,2025-07-31,
98126,P2C7CD1CFD602,98126,Resurgent,2025-07-31,
98797,P2C91F71CC868,98797,Resurgent,2025-07-31,
69842,P2CAE7CD5BFAE,69842,Resurgent,2025-07-31,
100006,P2CD9232D6412,100006,Resurgent,2025-07-31,
72297,P2D4F71CA8514,72297,Resurgent,2025-07-31,
98154,P2DEF923BC0C6,98154,Resurgent,2025-07-31,
72628,P2DF36498E5CE,72628,Resurgent,2025-07-31,
99427,P2E352E195ED0,99427,Resurgent,2025-07-31,
69153,P2E4F33CABD33,69153,Resurgent,2025-07-31,
98075,P2EDF79E844EF,98075,Resurgent,2025-07-31,
69552,P2F0C695AD3D9,69552,Resurgent,2025-07-31,
100528,P2F2BAB5C4FE2,100528,Resurgent,2025-07-31,
100241,P2F6FE7BD795F,100241,Resurgent,2025-07-31,
98350,P2FA66DE61AE2,98350,Resurgent,2025-07-31,
97054,P2FB1B37F2DEA,97054,Resurgent,2025-07-31,
98879,P2FBF632F0F09,98879,Resurgent,2025-07-31,
99445,P2FC652759106,99445,Resurgent,2025-07-31,
100655,P2FCED0785ED5,100655,Resurgent,2025-07-31,
98643,P300205A20442,98643,Resurgent,2025-07-31,
69740,P30151B311813,69740,Resurgent,2025-07-31,
98600,P302792FB7F28,98600,Resurgent,2025-07-31,
74833,P304D4F0C6938,74833,Resurgent,2025-07-31,
96915,P30C983768B21,96915,Resurgent,2025-07-31,
98946,P30F26A0A2765,98946,Resurgent,2025-07-31,
102446,P30F670980E1F,102446,Resurgent,2025-07-31,
99990,P30FD5C46308A,99990,Resurgent,2025-07-31,
97763,P312230A67240,97763,Resurgent,2025-07-31,
100615,P31340F2045FF,100615,Resurgent,2025-07-31,
100902,P3136DFFCA1E2,100902,Resurgent,2025-07-31,
71849,P314CA2E6CB92,71849,Resurgent,2025-07-31,
100488,P31C282B8411D,100488,Resurgent,2025-07-31,
72510,P31CA7CD012BF,72510,Resurgent,2025-07-31,
100372,P31E164498648,100372,Resurgent,2025-07-31,
69615,P31F79A56943F,69615,Resurgent,2025-07-31,
99812,P32A482E8F871,99812,Resurgent,2025-07-31,
99686,P32E9DDDC21CC,99686,Resurgent,2025-07-31,
97989,P32F471E0BA61,97989,Resurgent,2025-07-31,
67489,P330676CE00D5,67489,Resurgent,2025-07-31,
96863,P3315F71D80B4,96863,Resurgent,2025-07-31,
98562,P331872DE9076,98562,Resurgent,2025-07-31,
99901,P3330BC6D4EF5,99901,Resurgent,2025-07-31,
100310,P3331542BD83E,100310,Resurgent,2025-07-31,
100544,P3334F49756E8,100544,Resurgent,2025-07-31,
99339,P335DEDCE9926,99339,Resurgent,2025-07-31,
98910,P337CB479E779,98910,Resurgent,2025-07-31,
98794,P337CD57BB9EC,98794,Resurgent,2025-07-31,
99595,P33D5AF759045,99595,Resurgent,2025-07-31,
100511,P342FAB13E8FB,100511,Resurgent,2025-07-31,
67549,P3440218AF4F3,67549,Resurgent,2025-07-31,
99585,P345A662210EA,99585,Resurgent,2025-07-31,
97827,P346697CAFFDF,97827,Resurgent,2025-07-31,
71172,P349866FFF027,71172,Resurgent,2025-07-31,
98443,P34CF6E523824,98443,Resurgent,2025-07-31,
72178,P34D799761E86,72178,Resurgent,2025-07-31,
98435,P35152CB095E6,98435,Resurgent,2025-07-31,
100286,P351AC131BAE0,100286,Resurgent,2025-07-31,
100740,P352C8AC3DA16,100740,Resurgent,2025-07-31,
99204,P3540B32E9CBA,99204,Resurgent,2025-07-31,
98948,P355F49363DA5,98948,Resurgent,2025-07-31,
100704,P3565406ECE4E,100704,Resurgent,2025-07-31,
99420,P356BD752C9EC,99420,Resurgent,2025-07-31,
98977,P35D044CE5F39,98977,Resurgent,2025-07-31,
67226,P35D7CE3CDEBC,67226,Resurgent,2025-07-31,
96935,P3600FE06F63E,96935,Resurgent,2025-07-31,
68495,P361A8F7C7147,68495,Resurgent,2025-07-31,
98355,P3624262E4C59,98355,Resurgent,2025-07-31,
97267,P3639562D3312,97267,Resurgent,2025-07-31,
96521,P365AD31C58AD,96521,Resurgent,2025-07-31,
99023,P366C3C0EFE82,99023,Resurgent,2025-07-31,
71388,P3678F2C01F34,71388,Resurgent,2025-07-31,
99444,P368ABFE38E74,99444,Resurgent,2025-07-31,
96431,P36B025C59661,96431,Resurgent,2025-07-31,
100221,P36E563230157,100221,Resurgent,2025-07-31,
67616,P36EA88AE9E4A,67616,Resurgent,2025-07-31,
96692,P36FD27690B90,96692,Resurgent,2025-07-31,
100312,P37078730DCD9,100312,Resurgent,2025-07-31,
96735,P37349D7853A4,96735,Resurgent,2025-07-31,
97060,P37AF0CFA3136,97060,Resurgent,2025-07-31,
96923,P37B6681A4D81,96923,Resurgent,2025-07-31,
100136,P37B7F93BF824,100136,Resurgent,2025-07-31,
100443,P37D9B70917B4,100443,Resurgent,2025-07-31,
98481,P37F98F117125,98481,Resurgent,2025-07-31,
97244,P37FEE6BA2FA9,97244,Resurgent,2025-07-31,
70600,P38726AB33279,70600,Resurgent,2025-07-31,
98282,P388464D2B1FE,98282,Resurgent,2025-07-31,
98437,P389C7A4A0266,98437,Resurgent,2025-07-31,
97222,P38B0163819F4,97222,Resurgent,2025-07-31,
98039,P38B7CE63B8DE,98039,Resurgent,2025-07-31,
97901,P3944A8D1473C,97901,Resurgent,2025-07-31,
70799,P398B7B7D0FF6,70799,Resurgent,2025-07-31,
100084,P39E538E6C80F,100084,Resurgent,2025-07-31,
97026,P3A119894797C,97026,Resurgent,2025-07-31,
99279,P3A2908D41D00,99279,Resurgent,2025-07-31,
99882,P3A8243630615,99882,Resurgent,2025-07-31,
99051,P3AB0A6048A78,99051,Resurgent,2025-07-31,
100520,P3AB5BB71C6AE,100520,Resurgent,2025-07-31,
100232,P3ACD5128A538,100232,Resurgent,2025-07-31,
96766,P3ACE5A3BB3D9,96766,Resurgent,2025-07-31,
71229,P3B1E7CD74743,71229,Resurgent,2025-07-31,
97141,P3B26518AB0FF,97141,Resurgent,2025-07-31,
100912,P3B2E91DCDBB6,100912,Resurgent,2025-07-31,
100261,P3B457E487B54,100261,Resurgent,2025-07-31,
100237,P3B6CA6FC4C5E,100237,Resurgent,2025-07-31,
69707,P3B7FC493F325,69707,Resurgent,2025-07-31,
67262,P3B978AA12408,67262,Resurgent,2025-07-31,
99797,P3B9D30720B57,99797,Resurgent,2025-07-31,
99408,P3BC7EAE1114D,99408,Resurgent,2025-07-31,
98463,P3BE663EE11C0,98463,Resurgent,2025-07-31,
96971,P3BF6F8A1BBCF,96971,Resurgent,2025-07-31,
99328,P3C0396A7F9D2,99328,Resurgent,2025-07-31,
97431,P3C4B72AD4974,97431,Resurgent,2025-07-31,
96938,P3C7249F40AAB,96938,Resurgent,2025-07-31,
96908,P3C7821D1D53C,96908,Resurgent,2025-07-31,
68602,P3C9C8C3E68DD,68602,Resurgent,2025-07-31,
100162,P3CBCF9507644,100162,Resurgent,2025-07-31,
99920,P3CD219440ED0,99920,Resurgent,2025-07-31,
68798,P3CD27FE00552,68798,Resurgent,2025-07-31,
68455,P3DBAC4E3720D,68456,Resurgent,2025-07-31,
96818,P3E27403760D5,96818,Resurgent,2025-07-31,
100863,P3E358AE75F2C,100863,Resurgent,2025-07-31,
96961,P3E7C18EBA6DC,96961,Resurgent,2025-07-31,
70428,P3E80906F269B,70428,Resurgent,2025-07-31,
97063,P3E83E9A3BF2D,97063,Resurgent,2025-07-31,
99302,P3E84A97F5907,99302,Resurgent,2025-07-31,
67107,P3E91A5BFAD86,67107,Resurgent,2025-07-31,
100919,P3EE660C97CDA,100919,Resurgent,2025-07-31,
64100,P3F472D497B76,64100,Resurgent,2025-07-31,
98982,P3F4DC469AE8B,98982,Resurgent,2025-07-31,
67222,P3F7901D4C74A,67222,Resurgent,2025-07-31,
100389,P3FA42491E2B2,100389,Resurgent,2025-07-31,
97304,P3FC876D5B32A,97304,Resurgent,2025-07-31,
69573,P3FFC6ECE22F0,69573,Resurgent,2025-07-31,
96844,P3FFCE4F989AE,96844,Resurgent,2025-07-31,
100460,P401A857055B9,100460,Resurgent,2025-07-31,
98777,P4041F348C7B1,98777,Resurgent,2025-07-31,
99459,P406194BFCC27,99459,Resurgent,2025-07-31,
73520,P406F9562EDB6,73520,Resurgent,2025-07-31,
99367,P40D3613FAF9C,99367,Resurgent,2025-07-31,
98363,P41171C1810B4,98363,Resurgent,2025-07-31,
98458,P411D438B9994,98458,Resurgent,2025-07-31,
99489,P411DA36DF32E,99489,Resurgent,2025-07-31,
68881,P412E0852AE9C,68881,Resurgent,2025-07-31,
99337,P415FD1069E16,99337,Resurgent,2025-07-31,
68729,P41699DEAC030,68729,Resurgent,2025-07-31,
97254,P41CFB6083BA3,97254,Resurgent,2025-07-31,
100540,P42052DC66E8A,100540,Resurgent,2025-07-31,
73078,P421A46E89C16,73078,Resurgent,2025-07-31,
100666,P4243DD8034B2,100666,Resurgent,2025-07-31,
66954,P427E0BD28EA6,66954,Resurgent,2025-07-31,
97186,P42864146E299,97186,Resurgent,2025-07-31,
100708,P42F550708FA0,100708,Resurgent,2025-07-31,
96979,P42FB84E11AB3,96979,Resurgent,2025-07-31,
100491,P430CE758E749,100491,Resurgent,2025-07-31,
99098,P430E292BC750,99098,Resurgent,2025-07-31,
74336,P4320C1D6E84D,74336,Resurgent,2025-07-31,
67349,P432EF993BD59,67349,Resurgent,2025-07-31,
100502,P433679F888DA,100502,Resurgent,2025-07-31,
97266,P43E43F013C8A,97266,Resurgent,2025-07-31,
98452,P43F3CA30D3EB,98452,Resurgent,2025-07-31,
98966,P43FA32E498E4,98966,Resurgent,2025-07-31,
97925,P43FC0BEA23EC,97925,Resurgent,2025-07-31,
71751,P4401886CD4E1,71751,Resurgent,2025-07-31,
96826,P4411C1B3BBE5,96826,Resurgent,2025-07-31,
97150,P44161D6F4C38,97150,Resurgent,2025-07-31,
98415,P4430770EDDDC,98415,Resurgent,2025-07-31,
97144,P44552104EE94,97144,Resurgent,2025-07-31,
98001,P44A80731B6DD,98001,Resurgent,2025-07-31,
98278,P44CDB7C31F42,98278,Resurgent,2025-07-31,
98611,P45527D4BA851,98611,Resurgent,2025-07-31,
98822,P45655A3BBA77,98822,Resurgent,2025-07-31,
100292,P4583BDFF1D9A,100292,Resurgent,2025-07-31,
70255,P45872B36F6E2,70255,Resurgent,2025-07-31,
74794,P459CAF31BC61,74794,Resurgent,2025-07-31,
98675,P459E01C8FE63,98675,Resurgent,2025-07-31,
97969,P45AD6D30E583,97969,Resurgent,2025-07-31,
71279,P45B35C45F375,71279,Resurgent,2025-07-31,
66586,P45D2F8802C64,66586,Resurgent,2025-07-31,
69915,P45EDB647AE17,69915,Resurgent,2025-07-31,
70026,P461E09E3AE22,70026,Resurgent,2025-07-31,
100616,P46240853B4C2,100616,Resurgent,2025-07-31,
98634,P464C37A99A53,98634,Resurgent,2025-07-31,
100385,P4664AF9A63AE,100385,Resurgent,2025-07-31,
98521,P46B8072E5ABE,98521,Resurgent,2025-07-31,
99614,P46C29AF105E6,99614,Resurgent,2025-07-31,
100519,P46FAF1BFABD0,100519,Resurgent,2025-07-31,
99760,P476EB917675D,99760,Resurgent,2025-07-31,
67794,P47BC34CF4EE0,67794,Resurgent,2025-07-31,
98209,P47C1282A0713,98209,Resurgent,2025-07-31,
96963,P4839FB305F8B,96963,Resurgent,2025-07-31,
97339,P4841C8136217,97339,Resurgent,2025-07-31,
100564,P4870CDA4161E,100564,Resurgent,2025-07-31,
96640,P48DE90299440,96640,Resurgent,2025-07-31,
98924,P48E5405A39F3,98924,Resurgent,2025-07-31,
96385,P4953F52EC6AA,96385,Resurgent,2025-07-31,
99596,P4963ABD8B1D8,99596,Resurgent,2025-07-31,
100335,P4990498E12FC,100335,Resurgent,2025-07-31,
96757,P49FE640BF71C,96757,Resurgent,2025-07-31,
99793,P4AAE196E7521,99793,Resurgent,2025-07-31,
99913,P4AAE8AC6953E,99913,Resurgent,2025-07-31,
70208,P4AD16E21A1FB,70208,Resurgent,2025-07-31,
97757,P4B218F0D6BF3,97757,Resurgent,2025-07-31,
99369,P4B2A4399525B,99369,Resurgent,2025-07-31,
99626,P4B9622F47722,99626,Resurgent,2025-07-31,
97072,P4BDAB1FA96B3,97072,Resurgent,2025-07-31,
99363,P4BE66C72F61E,99363,Resurgent,2025-07-31,
100733,P4BF6AD0D58D7,100733,Resurgent,2025-07-31,
99207,P4C1B2591D409,99207,Resurgent,2025-07-31,
66799,P4C97A36C4AE0,66799,Resurgent,2025-07-31,
99914,P4CB5532C1285,99914,Resurgent,2025-07-31,
98257,P4CC99BEDD918,98257,Resurgent,2025-07-31,
99785,P4CE592399D20,99785,Resurgent,2025-07-31,
99386,P4CFFCFC7263C,99386,Resurgent,2025-07-31,
100490,P4D13BAAA5E05,100490,Resurgent,2025-07-31,
100716,P4D19015A596C,100716,Resurgent,2025-07-31,
69817,P4D28BC15F8D0,69817,Resurgent,2025-07-31,
68408,P4D319BD32C23,68408,Resurgent,2025-07-31,
70061,P4D32303A8EFE,70061,Resurgent,2025-07-31,
100474,P4D921AE9525A,100474,Resurgent,2025-07-31,
98191,P4DA0AE736D6F,98191,Resurgent,2025-07-31,
70376,P4DDFEF35771C,70376,Resurgent,2025-07-31,
96390,P4E10A1B03D23,96390,Resurgent,2025-07-31,
96352,P4E54549706EA,96352,Resurgent,2025-07-31,
70277,P4EA03B92639B,70277,Resurgent,2025-07-31,
97007,P4EC883E63408,97007,Resurgent,2025-07-31,
68762,P4ED3E62009F4,68762,Resurgent,2025-07-31,
99890,P4EE854CE9A07,99890,Resurgent,2025-07-31,
98037,P4EFF2E01B4C9,98037,Resurgent,2025-07-31,
68918,P4F1E667F6DDC,68918,Resurgent,2025-07-31,
100215,P4F3413789589,100215,Resurgent,2025-07-31,
100178,P4F3AAADF2307,100178,Resurgent,2025-07-31,
98444,P4F71CE5D0B8C,98444,Resurgent,2025-07-31,
98596,P4F8E2B5478DA,98596,Resurgent,2025-07-31,
97425,P4FC2EA15D841,97425,Resurgent,2025-07-31,
68286,P500793591388,68286,Resurgent,2025-07-31,
96653,P501CEADF86F2,96653,Resurgent,2025-07-31,
98887,P5045F7563B9F,98887,Resurgent,2025-07-31,
98844,P507AC6A0BCDF,98844,Resurgent,2025-07-31,
98979,P50991490732B,98979,Resurgent,2025-07-31,
97311,P50A99C5BB2C8,97311,Resurgent,2025-07-31,
98567,P50C3AF84B179,98567,Resurgent,2025-07-31,
100568,P50CAEEE1A71E,100568,Resurgent,2025-07-31,
72389,P50D4B9E29950,72389,Resurgent,2025-07-31,
98414,P50D5ED65B197,98414,Resurgent,2025-07-31,
98296,P50D8BBE75AF0,98296,Resurgent,2025-07-31,
98902,P50E97C1BF0CC,98902,Resurgent,2025-07-31,
72019,P510925B45F7F,72019,Resurgent,2025-07-31,
98148,P5128862D9239,98148,Resurgent,2025-07-31,
100718,P5133DB4D214E,100718,Resurgent,2025-07-31,
97294,P513658EBB0AC,97294,Resurgent,2025-07-31,
74715,P514AB6B4A88C,74715,Resurgent,2025-07-31,
72984,P516FC8809DB2,72984,Resurgent,2025-07-31,
98267,P518166BEF3D0,98267,Resurgent,2025-07-31,
98785,P5191C44438D9,98785,Resurgent,2025-07-31,
98058,P51B7746609AE,98058,Resurgent,2025-07-31,
97856,P51CCE3466BBC,97856,Resurgent,2025-07-31,
99183,P51D311584467,99183,Resurgent,2025-07-31,
99477,P51F813C8C758,99477,Resurgent,2025-07-31,
99318,P5200EBC88EB2,99318,Resurgent,2025-07-31,
98384,P5210DF2728FD,98384,Resurgent,2025-07-31,
99915,P52224D8D426F,99915,Resurgent,2025-07-31,
71167,P52683D7D7494,71167,Resurgent,2025-07-31,
67868,P5269C8CFAD29,67868,Resurgent,2025-07-31,
99594,P52764A5B7514,99594,Resurgent,2025-07-31,
68761,P52B8485261E9,68761,Resurgent,2025-07-31,
100260,P53254400D44E,100260,Resurgent,2025-07-31,
99119,P533C9B49CB2B,99119,Resurgent,2025-07-31,
96695,P53663448E392,96695,Resurgent,2025-07-31,
98937,P539942FA1993,98937,Resurgent,2025-07-31,
99580,P53CE045D18A7,99580,Resurgent,2025-07-31,
70890,P53EFC84822A8,70890,Resurgent,2025-07-31,
96737,P53F0F0430BFF,96737,Resurgent,2025-07-31,
98520,P540B1E87192C,98520,Resurgent,2025-07-31,
98351,P540C125F39A6,98351,Resurgent,2025-07-31,
98773,P541DBA88D040,98773,Resurgent,2025-07-31,
70236,P542737B6E0A6,70236,Resurgent,2025-07-31,
99546,P54487ECD109C,99546,Resurgent,2025-07-31,
70046,P545E5D863043,70046,Resurgent,2025-07-31,
100713,P5463E4A374DE,100713,Resurgent,2025-07-31,
70043,P547DF6C4395D,70043,Resurgent,2025-07-31,
98722,P5495F0CBF337,98722,Resurgent,2025-07-31,
98812,P5497859B4766,98812,Resurgent,2025-07-31,
98827,P54AC7452F0A5,98827,Resurgent,2025-07-31,
96804,P54AD97729E7F,96804,Resurgent,2025-07-31,
99935,P54AE119AA6D4,99935,Resurgent,2025-07-31,
69052,P54C65272F14E,69052,Resurgent,2025-07-31,
97106,P54EA050E5EE4,97106,Resurgent,2025-07-31,
69575,P55233D8D3C1D,69575,Resurgent,2025-07-31,
98680,P5554B4B9B533,98680,Resurgent,2025-07-31,
98038,P55BE20007791,98038,Resurgent,2025-07-31,
99172,P55CE7C44D742,99172,Resurgent,2025-07-31,
100824,P55E051467122,100824,Resurgent,2025-07-31,
71285,P55FC70858BDA,71285,Resurgent,2025-07-31,
70844,P560A183379AE,70844,Resurgent,2025-07-31,
97419,P560C03FEC81B,97419,Resurgent,2025-07-31,
98180,P5619FD09A694,98180,Resurgent,2025-07-31,
99345,P561A544039FF,99345,Resurgent,2025-07-31,
74741,P562A7AAA89D4,74741,Resurgent,2025-07-31,
98194,P562B4E44B935,98194,Resurgent,2025-07-31,
72635,P562B715CDB81,72635,Resurgent,2025-07-31,
98146,P56335C33DCFB,98146,Resurgent,2025-07-31,
99870,P56357C7A5B6A,99870,Resurgent,2025-07-31,
98705,P563BC2C54286,98705,Resurgent,2025-07-31,
96670,P5645673B3F7C,96670,Resurgent,2025-07-31,
97246,P56929E020ACD,97246,Resurgent,2025-07-31,
98190,P56C208D6C1B3,98190,Resurgent,2025-07-31,
98962,P570AAB506E53,98962,Resurgent,2025-07-31,
71458,P570FA4442C90,71458,Resurgent,2025-07-31,
100387,P571D132B9DF2,100387,Resurgent,2025-07-31,
67376,P576663A3386B,67376,Resurgent,2025-07-31,
96648,P57A680F97B67,96648,Resurgent,2025-07-31,
100801,P581D5ED7F55B,100801,Resurgent,2025-07-31,
98175,P5828190CF357,98175,Resurgent,2025-07-31,
99478,P584962496DFB,99478,Resurgent,2025-07-31,
97355,P584EF75775E7,97355,Resurgent,2025-07-31,
100698,P5890015346F2,100698,Resurgent,2025-07-31,
98918,P58AE12141BDE,98918,Resurgent,2025-07-31,
98867,P58B73E0B4B4E,98867,Resurgent,2025-07-31,
99950,P58DE1F12D211,99950,Resurgent,2025-07-31,
68700,P58FFC0640978,68700,Resurgent,2025-07-31,
98679,P596DA26342F1,98679,Resurgent,2025-07-31,
98963,P597E0FA7D702,98963,Resurgent,2025-07-31,
68860,P59B1DD120488,68860,Resurgent,2025-07-31,
98471,P59C5E6BB7B32,98471,Resurgent,2025-07-31,
99376,P59C6A0907418,99376,Resurgent,2025-07-31,
100674,P59CA7B3DA228,100674,Resurgent,2025-07-31,
100634,P59E8F5A2ABB2,100634,Resurgent,2025-07-31,
74673,P59EE811907F2,74673,Resurgent,2025-07-31,
100517,P5A2B17C307D0,100517,Resurgent,2025-07-31,
71830,P5A426C372EAA,71830,Resurgent,2025-07-31,
99484,P5ACFFA03FD02,99484,Resurgent,2025-07-31,
72375,P5AE9AB85567A,72375,Resurgent,2025-07-31,
72000,P5B28FC8F4267,72000,Resurgent,2025-07-31,
99475,P5B4BDA1DCCCF,99475,Resurgent,2025-07-31,
98928,P5B73708E6BDA,98928,Resurgent,2025-07-31,
97066,P5B9A65B165D1,97066,Resurgent,2025-07-31,
99116,P5BA0CAE75430,99116,Resurgent,2025-07-31,
99238,P5BD29E1D9A85,99238,Resurgent,2025-07-31,
99072,P5BDF9F575F15,99072,Resurgent,2025-07-31,
99534,P5BEB55A65ED4,99534,Resurgent,2025-07-31,
98166,P5C0E2D3EE0AD,98166,Resurgent,2025-07-31,
69125,P5C150241DF0A,69125,Resurgent,2025-07-31,
99673,P5C438E6451DC,99673,Resurgent,2025-07-31,
97384,P5C76B7EDBC0E,97384,Resurgent,2025-07-31,
96686,P5CAA5EC0B7A6,96686,Resurgent,2025-07-31,
67158,P5CCC1491F93E,67158,Resurgent,2025-07-31,
100023,P5D06212383D0,100023,Resurgent,2025-07-31,
99660,P5D28F61A3631,99660,Resurgent,2025-07-31,
96990,P5D3B28A79907,96990,Resurgent,2025-07-31,
98741,P5D3F8FFC95E1,98741,Resurgent,2025-07-31,
100936,P5D5FAFADA6F2,100936,Resurgent,2025-07-31,
98442,P5D877ED88EA8,98442,Resurgent,2025-07-31,
97327,P5DB0685DBA2F,97327,Resurgent,2025-07-31,
99531,P5DC6A7D9CF7C,99531,Resurgent,2025-07-31,
99378,P5DD0C65FC008,99378,Resurgent,2025-07-31,
97132,P5E1AF527E305,97132,Resurgent,2025-07-31,
68933,P5E3907226D6C,68933,Resurgent,2025-07-31,
99041,P5E447F26BB38,99041,Resurgent,2025-07-31,
71199,P5E4B5E3B2961,71199,Resurgent,2025-07-31,
99045,P5E5662C48D78,99045,Resurgent,2025-07-31,
96720,P5E6369441D8E,96720,Resurgent,2025-07-31,
68851,P5EA0801FDCA7,68851,Resurgent,2025-07-31,
71645,P5EA63798D929,71645,Resurgent,2025-07-31,
97073,P5ECF1A420540,97073,Resurgent,2025-07-31,
97335,P5EF7DC8B1102,97335,Resurgent,2025-07-31,
99079,P5F3D1835C55E,99079,Resurgent,2025-07-31,
100914,P5F441D809B0A,100914,Resurgent,2025-07-31,
99924,P5F44FDB7BF73,99924,Resurgent,2025-07-31,
98331,P5F4BCA73A986,98331,Resurgent,2025-07-31,
100732,P5F699E16DEF7,100732,Resurgent,2025-07-31,
100201,P5F6F8A757E01,100201,Resurgent,2025-07-31,
100308,P5FAD7796FA35,100308,Resurgent,2025-07-31,
96978,P5FAFA224644F,96978,Resurgent,2025-07-31,
70173,P5FB9CD7C4505,70173,Resurgent,2025-07-31,
96440,P5FC8083BE288,96440,Resurgent,2025-07-31,
98069,P5FCA3CDEB794,98069,Resurgent,2025-07-31,
71454,P6009F765E35E,71454,Resurgent,2025-07-31,
97741,P603DBE0F3B6F,97741,Resurgent,2025-07-31,
98686,P6073136CAC42,98686,Resurgent,2025-07-31,
99611,P60792A387F5F,99611,Resurgent,2025-07-31,
67720,P60C16BE0C64A,67720,Resurgent,2025-07-31,
97877,P610B1BAEBD73,97877,Resurgent,2025-07-31,
98704,P6179FF0AFBB9,98704,Resurgent,2025-07-31,
97101,P61861C9C95A2,97101,Resurgent,2025-07-31,
100130,P61930C67BA9F,100130,Resurgent,2025-07-31,
71697,P619C251111D1,71697,Resurgent,2025-07-31,
98756,P619E9D324658,98756,Resurgent,2025-07-31,
100571,P61F97E3A5A3C,100571,Resurgent,2025-07-31,
98181,P61FC47096E65,98181,Resurgent,2025-07-31,
98732,P621FA1B7CA8D,98732,Resurgent,2025-07-31,
99697,P62BB89B2A715,99697,Resurgent,2025-07-31,
98766,P631697ED222B,98766,Resurgent,2025-07-31,
99200,P6333EFA40458,99200,Resurgent,2025-07-31,
99307,P635DE9F8A653,99307,Resurgent,2025-07-31,
100565,P63D2E45059DC,100565,Resurgent,2025-07-31,
98107,P63ED8B24BEF8,98107,Resurgent,2025-07-31,
99306,P6412775C9074,99306,Resurgent,2025-07-31,
97385,P6422D5484AF1,97385,Resurgent,2025-07-31,
99647,P642777FA74DC,99647,Resurgent,2025-07-31,
96831,P6444F22C9B3A,96831,Resurgent,2025-07-31,
100702,P646345B2D498,100702,Resurgent,2025-07-31,
98824,P648F027DCFAE,98824,Resurgent,2025-07-31,
100011,P64CD377D97CF,100011,Resurgent,2025-07-31,
100493,P64E2A41ADEFF,100493,Resurgent,2025-07-31,
100631,P65473D7A3462,100631,Resurgent,2025-07-31,
100880,P655974B1F792,100880,Resurgent,2025-07-31,
68423,P658E9B099D36,68423,Resurgent,2025-07-31,
99549,P662DC29FF291,99549,Resurgent,2025-07-31,
98859,P6665D0D5D8B4,98859,Resurgent,2025-07-31,
98921,P6667DAAC702D,98921,Resurgent,2025-07-31,
97310,P66847F1C2DE4,97310,Resurgent,2025-07-31,
68306,P6684A05F2633,68306,Resurgent,2025-07-31,
100627,P6690D0710076,100627,Resurgent,2025-07-31,
97722,P66C9FA8B8218,97722,Resurgent,2025-07-31,
72072,P66CFECA6ACBC,72072,Resurgent,2025-07-31,
97097,P66FD4550D314,97097,Resurgent,2025-07-31,
99468,P670D36270421,99468,Resurgent,2025-07-31,
70397,P67352713B2EF,70397,Resurgent,2025-07-31,
97880,P67654F9E58DD,97880,Resurgent,2025-07-31,
97986,P67817EDDBE45,97986,Resurgent,2025-07-31,
99340,P67838684DE54,99340,Resurgent,2025-07-31,
70791,P68058B32A7C5,70791,Resurgent,2025-07-31,
98811,P68220203B173,98811,Resurgent,2025-07-31,
98772,P6837D89FD8B1,98772,Resurgent,2025-07-31,
96850,P6860243B6C09,96850,Resurgent,2025-07-31,
98290,P686A86E8A1B5,98290,Resurgent,2025-07-31,
98943,P686F23102035,98943,Resurgent,2025-07-31,
70938,P68783EFFF43F,70938,Resurgent,2025-07-31,
73250,P689DDBBAD799,73250,Resurgent,2025-07-31,
98554,P68D66F9432C9,98554,Resurgent,2025-07-31,
98950,P68D95C850C98,98950,Resurgent,2025-07-31,
68369,P68DE096D0DEB,68369,Resurgent,2025-07-31,
97248,P692F422E543A,97248,Resurgent,2025-07-31,
69789,P693580EAC01A,69789,Resurgent,2025-07-31,
98576,P694F5C61AAF6,98576,Resurgent,2025-07-31,
66764,P6980B71A63D0,66764,Resurgent,2025-07-31,
98492,P69B520D3D1E6,98492,Resurgent,2025-07-31,
96912,P69BF1DC13BD2,96912,Resurgent,2025-07-31,
100551,P6A293762A6E4,100551,Resurgent,2025-07-31,
97831,P6A4B971E5B85,97831,Resurgent,2025-07-31,
99410,P6AC0F643F121,99410,Resurgent,2025-07-31,
71876,P6AC189CE6871,71876,Resurgent,2025-07-31,
67831,P6AE223B47B43,67831,Resurgent,2025-07-31,
98644,P6B3C50C8EA83,98644,Resurgent,2025-07-31,
70882,P6B5A4554924A,70882,Resurgent,2025-07-31,
97010,P6BA3D3CFF8C1,97010,Resurgent,2025-07-31,
99071,P6BB912836C05,99071,Resurgent,2025-07-31,
67645,P6BD0A82CE493,67645,Resurgent,2025-07-31,
99775,P6C35101CDA44,99775,Resurgent,2025-07-31,
98922,P6C6085224191,98922,Resurgent,2025-07-31,
100139,P6CBF4921542D,100139,Resurgent,2025-07-31,
67034,P6CDD46B66040,67034,Resurgent,2025-07-31,
75111,P6CE1CF1E6D5E,75111,Resurgent,2025-07-31,
99431,P6D158041D90F,99431,Resurgent,2025-07-31,
99245,P6D43AE307B49,99245,Resurgent,2025-07-31,
99065,P6D7327404DB7,99065,Resurgent,2025-07-31,
69201,P6D964AEA8D59,69201,Resurgent,2025-07-31,
98578,P6DB46C1A6E34,98578,Resurgent,2025-07-31,
71822,P6DB906A1640B,71822,Resurgent,2025-07-31,
96638,P6DB984351945,96638,Resurgent,2025-07-31,
100204,P6E251823492F,100204,Resurgent,2025-07-31,
99532,P6E28A31B4AFB,99532,Resurgent,2025-07-31,
100518,P6E781F58FAA5,100518,Resurgent,2025-07-31,
97400,P6E97DA55F7ED,97400,Resurgent,2025-07-31,
98996,P6EDE27CABB8B,98996,Resurgent,2025-07-31,
69637,P6F265215AAA6,69637,Resurgent,2025-07-31,
99745,P6F2F2044928C,99745,Resurgent,2025-07-31,
98636,P6F6066BCFB38,98636,Resurgent,2025-07-31,
98760,P6F77E874EF61,98760,Resurgent,2025-07-31,
97930,P6FA127F0CCBF,97930,Resurgent,2025-07-31,
68789,P6FA57A6C42CE,68789,Resurgent,2025-07-31,
96377,P6FB6BE6A11BC,96377,Resurgent,2025-07-31,
99897,P6FBB424C8DC7,99897,Resurgent,2025-07-31,
73170,P6FC7665516FE,73170,Resurgent,2025-07-31,
67091,P6FDCA8513D82,67091,Resurgent,2025-07-31,
100486,P702FD0BE8022,100486,Resurgent,2025-07-31,
97982,P703EE77CD227,97982,Resurgent,2025-07-31,
96370,P704A97D1E641,96370,Resurgent,2025-07-31,
98609,P706EAE6017E1,98609,Resurgent,2025-07-31,
71434,P70F2BC26A81C,71434,Resurgent,2025-07-31,
98130,P70F7D5DFD2CE,98130,Resurgent,2025-07-31,
98952,P712E73ABEF9E,98952,Resurgent,2025-07-31,
70648,P716BE6E2DC02,70648,Resurgent,2025-07-31,
100595,P71711F880535,100595,Resurgent,2025-07-31,
100775,P718F7EEC1091,100775,Resurgent,2025-07-31,
98932,P71A12682CE36,98932,Resurgent,2025-07-31,
98273,P71CAE859A0B3,98273,Resurgent,2025-07-31,
98344,P71CE247401FD,98344,Resurgent,2025-07-31,
69766,P71D1D510F7EE,69766,Resurgent,2025-07-31,
98072,P71D2F2B61F97,98072,Resurgent,2025-07-31,
67685,P71DEBFFE866C,67685,Resurgent,2025-07-31,
100721,P723801D4D9FA,100721,Resurgent,2025-07-31,
99383,P724113D88E70,99383,Resurgent,2025-07-31,
99758,P72807696A570,99758,Resurgent,2025-07-31,
96888,P72D9B3297454,96888,Resurgent,2025-07-31,
69178,P73047B172E1B,69178,Resurgent,2025-07-31,
67598,P73468FDC940D,67598,Resurgent,2025-07-31,
71895,P737673FEF5A3,71895,Resurgent,2025-07-31,
72391,P738EBD4D2949,72391,Resurgent,2025-07-31,
98740,P73E4E07F5B4F,98740,Resurgent,2025-07-31,
97091,P73ECD873FFFD,97091,Resurgent,2025-07-31,
98064,P7425DB2BAD2B,98064,Resurgent,2025-07-31,
98693,P7454CEED271E,98693,Resurgent,2025-07-31,
97440,P7457A6151F49,97440,Resurgent,2025-07-31,
100523,P7477D11BB8D9,100523,Resurgent,2025-07-31,
97247,P748532F6E379,97247,Resurgent,2025-07-31,
99572,P74DF43CAD455,99572,Resurgent,2025-07-31,
98587,P74EC74D0F1AC,98587,Resurgent,2025-07-31,
97076,P754FD3272F8B,97076,Resurgent,2025-07-31,
96661,P757C0A58CF64,96661,Resurgent,2025-07-31,
99073,P75972C691082,99073,Resurgent,2025-07-31,
100403,P759B7AC4EB2E,100403,Resurgent,2025-07-31,
99175,P759C046395A6,99175,Resurgent,2025-07-31,
96925,P75A1DAB980FE,96925,Resurgent,2025-07-31,
68824,P75C084643B84,68824,Resurgent,2025-07-31,
99059,P75D460589B2B,99059,Resurgent,2025-07-31,
98900,P760CE1BB3995,98900,Resurgent,2025-07-31,
70492,P760E2F978A2E,70492,Resurgent,2025-07-31,
98674,P761B67246DD1,98674,Resurgent,2025-07-31,
98309,P762A36981CAF,98309,Resurgent,2025-07-31,
96611,P763BF9FBB716,96611,Resurgent,2025-07-31,
98052,P768595C213EA,98052,Resurgent,2025-07-31,
70358,P7689AA8D0385,70358,Resurgent,2025-07-31,
97407,P76C33521E939,97407,Resurgent,2025-07-31,
73281,P76C4197E1B85,73281,Resurgent,2025-07-31,
100400,P76CFF060370A,100400,Resurgent,2025-07-31,
99439,P76E7F4B1C49C,99439,Resurgent,2025-07-31,
100669,P76F59330F8E7,100669,Resurgent,2025-07-31,
97412,P7718D964E6DD,97412,Resurgent,2025-07-31,
68959,P774AB23661DF,68959,Resurgent,2025-07-31,
100897,P7758D0C1F167,100897,Resurgent,2025-07-31,
98538,P775F217F5B76,98538,Resurgent,2025-07-31,
69025,P77F0AF29C941,69025,Resurgent,2025-07-31,
98408,P78149AF73941,98408,Resurgent,2025-07-31,
69135,P782A2BE7E3DD,69135,Resurgent,2025-07-31,
98807,P782B565CC5E1,98808,Resurgent,2025-07-31,
96813,P784963D68F0C,96813,Resurgent,2025-07-31,
98986,P786C9BFEB751,98986,Resurgent,2025-07-31,
99490,P787CE2830710,99490,Resurgent,2025-07-31,
72060,P78C878177869,72060,Resurgent,2025-07-31,
98646,P78EDA17B88E1,98646,Resurgent,2025-07-31,
99018,P790672231444,99018,Resurgent,2025-07-31,
73352,P7919231DF782,73352,Resurgent,2025-07-31,
72514,P794BFA7124CC,72514,Resurgent,2025-07-31,
100636,P7980945F21AC,100636,Resurgent,2025-07-31,
99361,P79D88A5DE141,99361,Resurgent,2025-07-31,
100121,P79F0D5638BD2,100121,Resurgent,2025-07-31,
96949,P79F41172D3A4,96949,Resurgent,2025-07-31,
99458,P79F548112930,99458,Resurgent,2025-07-31,
98958,P7A2B1F76FDCF,98958,Resurgent,2025-07-31,
70228,P7A61276FF5B7,70228,Resurgent,2025-07-31,
99402,P7A64AC40FF88,99402,Resurgent,2025-07-31,
68404,P7A853425F6CA,68404,Resurgent,2025-07-31,
98225,P7A9019536803,98225,Resurgent,2025-07-31,
97017,P7AA49B2E1260,97017,Resurgent,2025-07-31,
100736,P7AAB89852F55,100736,Resurgent,2025-07-31,
99421,P7AB33812D0DA,99421,Resurgent,2025-07-31,
100032,P7AF7371D33C2,100032,Resurgent,2025-07-31,
70478,P7B0C6DE1D390,70478,Resurgent,2025-07-31,
99786,P7B10AF9B93C5,99786,Resurgent,2025-07-31,
100376,P7B226046F5DC,100376,Resurgent,2025-07-31,
98298,P7B67367702AE,98298,Resurgent,2025-07-31,
100536,P7B9397851707,100536,Resurgent,2025-07-31,
96378,P7BD42EF11325,96378,Resurgent,2025-07-31,
100370,P7BD9B9C91CB8,100370,Resurgent,2025-07-31,
67762,P7C14456846D1,67762,Resurgent,2025-07-31,
96607,P7C2B73C0CAC6,96607,Resurgent,2025-07-31,
100483,P7C705333F3C8,100483,Resurgent,2025-07-31,
99419,P7CAA5B57BFF5,99419,Resurgent,2025-07-31,
99263,P7CAEBE1367EA,99263,Resurgent,2025-07-31,
99621,P7CB4A8FCE5FF,99621,Resurgent,2025-07-31,
98947,P7CD1F424C213,98947,Resurgent,2025-07-31,
98304,P7CFB281A440E,98304,Resurgent,2025-07-31,
100331,P7CFDA9B9D09B,100331,Resurgent,2025-07-31,
85518,P7D01AD5F3584,85518,Resurgent,2025-07-31,
100703,P7D27987ADD89,100703,Resurgent,2025-07-31,
70939,P7D659D5A83EB,70939,Resurgent,2025-07-31,
72527,P7DA9192569AC,72527,Resurgent,2025-07-31,
98522,P7DB9845E099B,98522,Resurgent,2025-07-31,
99272,P7DBBBDBCC40B,99272,Resurgent,2025-07-31,
70686,P7DE041A040AB,70686,Resurgent,2025-07-31,
70766,P7E1AF6101D12,70766,Resurgent,2025-07-31,
97784,P7E442D3CF882,97784,Resurgent,2025-07-31,
96985,P7E51FDA7F73E,96985,Resurgent,2025-07-31,
98342,P7E60513AF46D,98342,Resurgent,2025-07-31,
97084,P7E64686FAB16,97084,Resurgent,2025-07-31,
99197,P7E78DE182326,99197,Resurgent,2025-07-31,
100933,P7EA40244DB1D,100933,Resurgent,2025-07-31,
98439,P7EAA81586574,98439,Resurgent,2025-07-31,
67787,P7EF3F6763BC3,67787,Resurgent,2025-07-31,
98661,P7F0C1EDA4BE4,98661,Resurgent,2025-07-31,
98717,P7F173B9BE734,98717,Resurgent,2025-07-31,
96650,P7F1D4806B304,96650,Resurgent,2025-07-31,
96727,P7FBF8F66A8AB,96727,Resurgent,2025-07-31,
67534,P7FCE6633EF97,67534,Resurgent,2025-07-31,
99488,P80155558A1A6,99488,Resurgent,2025-07-31,
97747,P802EF7549D4E,97747,Resurgent,2025-07-31,
96457,P8060E872D02D,96457,Resurgent,2025-07-31,
97386,P8066EF054FA0,97386,Resurgent,2025-07-31,
99293,P807199B2D3ED,99293,Resurgent,2025-07-31,
97417,P80D1A0F57210,97417,Resurgent,2025-07-31,
97025,P813897DA9744,97025,Resurgent,2025-07-31,
98340,P816D60C03171,98340,Resurgent,2025-07-31,
98026,P817A1A274BF5,98026,Resurgent,2025-07-31,
74735,P817F658B6007,74735,Resurgent,2025-07-31,
69145,P8199A7E061A4,69145,Resurgent,2025-07-31,
99222,P8272F98B4044,99222,Resurgent,2025-07-31,
98899,P82787B0A9C15,98899,Resurgent,2025-07-31,
100727,P82C13CDB793B,100727,Resurgent,2025-07-31,
100392,P82DCF764180B,100392,Resurgent,2025-07-31,
100070,P83399A425442,100070,Resurgent,2025-07-31,
69512,P8348DA7704B3,69512,Resurgent,2025-07-31,
68454,P8350884AA13E,68454,Resurgent,2025-07-31,
68923,P837A26964E89,68923,Resurgent,2025-07-31,
97185,P839C5090E5F7,97185,Resurgent,2025-07-31,
99743,P83CFF9FD52F8,99743,Resurgent,2025-07-31,
66603,P849172C7D1CB,66603,Resurgent,2025-07-31,
100593,P84B2480F0193,100593,Resurgent,2025-07-31,
70033,P84B37F5B1239,70033,Resurgent,2025-07-31,
98708,P850587504173,98708,Resurgent,2025-07-31,
98325,P854DC793DCEA,98325,Resurgent,2025-07-31,
98591,P85B30016B6F6,98591,Resurgent,2025-07-31,
69568,P85EAE77EBF6C,69568,Resurgent,2025-07-31,
69695,P8608B658737E,69695,Resurgent,2025-07-31,
70912,P86329EE0F7C7,70912,Resurgent,2025-07-31,
70300,P867B05387FE4,70300,Resurgent,2025-07-31,
70393,P868335629423,70393,Resurgent,2025-07-31,
69778,P869F6CCBE227,69778,Resurgent,2025-07-31,
98084,P86C238129BDB,98084,Resurgent,2025-07-31,
98299,P86E017C252B9,98299,Resurgent,2025-07-31,
100926,P87033FD84101,100926,Resurgent,2025-07-31,
97903,P8712BA72BF94,97903,Resurgent,2025-07-31,
96488,P8725223B43E3,96488,Resurgent,2025-07-31,
99025,P8726F8420721,99025,Resurgent,2025-07-31,
96376,P872FE412043C,96376,Resurgent,2025-07-31,
69784,P87518D5EAA8F,69784,Resurgent,2025-07-31,
96881,P87A2A5A6B730,96881,Resurgent,2025-07-31,
69530,P87A69CCC79D2,69530,Resurgent,2025-07-31,
100080,P87A69E8E768D,100080,Resurgent,2025-07-31,
98561,P87A986FD0B69,98561,Resurgent,2025-07-31,
97325,P87C74CDA677D,97325,Resurgent,2025-07-31,
96886,P87DB1DEA3524,96886,Resurgent,2025-07-31,
97018,P87E8FDBC15C4,97018,Resurgent,2025-07-31,
99436,P883D5F50454B,99436,Resurgent,2025-07-31,
73464,P8851C73003EB,73464,Resurgent,2025-07-31,
97323,P887997F6C17E,97323,Resurgent,2025-07-31,
67823,P8888DE03CD41,67823,Resurgent,2025-07-31,
98381,P88974691F86B,98381,Resurgent,2025-07-31,
96698,P889C9C08D0A5,96698,Resurgent,2025-07-31,
100599,P88BBA4C17801,100599,Resurgent,2025-07-31,
69964,P88C0008D3E30,69964,Resurgent,2025-07-31,
98502,P88E92957F420,98502,Resurgent,2025-07-31,
98265,P88FE41905789,98265,Resurgent,2025-07-31,
67487,P890CA3FFFEC8,67487,Resurgent,2025-07-31,
69558,P8956B3319E44,69558,Resurgent,2025-07-31,
98422,P898B17878777,98422,Resurgent,2025-07-31,
68600,P89BA089CC42E,68600,Resurgent,2025-07-31,
96618,P89BA08B9ECFD,96618,Resurgent,2025-07-31,
100321,P89F367EAC092,100321,Resurgent,2025-07-31,
99074,P89F88F155AC7,99074,Resurgent,2025-07-31,
99052,P8A07814ED26B,99052,Resurgent,2025-07-31,
98212,P8A0C5C51F569,98212,Resurgent,2025-07-31,
100499,P8A34D90218D0,100499,Resurgent,2025-07-31,
74839,P8A57E2CE5926,74839,Resurgent,2025-07-31,
99008,P8A6C8D343326,99008,Resurgent,2025-07-31,
99357,P8AAF32B1583F,99357,Resurgent,2025-07-31,
99751,P8AD118064F0B,99751,Resurgent,2025-07-31,
98735,P8AD5B757261D,98735,Resurgent,2025-07-31,
98684,P8AF3AF917D6F,98684,Resurgent,2025-07-31,
96861,P8B27B4163E2F,96861,Resurgent,2025-07-31,
100353,P8BCAFB96CEFF,100353,Resurgent,2025-07-31,
100950,P8BCBA7CD1FB1,100950,Resurgent,2025-07-31,
99584,P8BE1353EDF03,99584,Resurgent,2025-07-31,
99885,P8CAF263E6A8E,99885,Resurgent,2025-07-31,
98640,P8CB7EF9C4AEA,98640,Resurgent,2025-07-31,
99754,P8CBE24B6AF7D,99754,Resurgent,2025-07-31,
97342,P8CC60F84441F,97342,Resurgent,2025-07-31,
98968,P8D1D4DCA7FD8,98968,Resurgent,2025-07-31,
98500,P8D345F2C7C0A,98500,Resurgent,2025-07-31,
99283,P8D4FAB6687CB,99283,Resurgent,2025-07-31,
100245,P8DC03B01B54C,100245,Resurgent,2025-07-31,
97075,P8DC1C94F8A61,97075,Resurgent,2025-07-31,
100272,P8DE3C4E528A8,100272,Resurgent,2025-07-31,
69898,P8E023BFF2646,69898,Resurgent,2025-07-31,
97004,P8E24A7D24151,97004,Resurgent,2025-07-31,
98400,P8E37F29935EB,98400,Resurgent,2025-07-31,
97812,P8E64A0B37CD4,97812,Resurgent,2025-07-31,
98399,P8E6D99583B0A,98399,Resurgent,2025-07-31,
100449,P8E721BC147DD,100449,Resurgent,2025-07-31,
69518,P8ECF8111C72C,69518,Resurgent,2025-07-31,
100270,P8EE5AEA091B6,100270,Resurgent,2025-07-31,
68800,P8F1C29771170,68800,Resurgent,2025-07-31,
99563,P8F7D322460C3,99563,Resurgent,2025-07-31,
98015,P8FDA16874DD6,98015,Resurgent,2025-07-31,
100105,P90219343D34F,100105,Resurgent,2025-07-31,
97030,P903A1C6209A5,97030,Resurgent,2025-07-31,
98676,P908D8A2B6FEF,98676,Resurgent,2025-07-31,
100284,P90A794FCB596,100284,Resurgent,2025-07-31,
96633,P90BD5A8BAB54,96633,Resurgent,2025-07-31,
96487,P90CAA5689FF9,96487,Resurgent,2025-07-31,
100198,P90CF680B472E,100198,Resurgent,2025-07-31,
99132,P90D48878C33A,99132,Resurgent,2025-07-31,
100437,P90D90B02D224,100437,Resurgent,2025-07-31,
97350,P90EFA895154E,97350,Resurgent,2025-07-31,
98092,P91211970B6FA,98092,Resurgent,2025-07-31,
100242,P9124B88FB019,100242,Resurgent,2025-07-31,
99747,P912B5474948B,99747,Resurgent,2025-07-31,
100573,P913B2A5D4D9D,100573,Resurgent,2025-07-31,
96969,P9180273F3891,96969,Resurgent,2025-07-31,
70889,P9195CA1535AF,70889,Resurgent,2025-07-31,
100667,P91EAA6A154A7,100667,Resurgent,2025-07-31,
99424,P9217686317ED,99424,Resurgent,2025-07-31,
99129,P922CA95B8BE9,99129,Resurgent,2025-07-31,
70157,P925FF3583494,70157,Resurgent,2025-07-31,
100165,P926547E27C05,100165,Resurgent,2025-07-31,
97043,P9278FF55A8BF,97043,Resurgent,2025-07-31,
96632,P929B5073B1A8,96632,Resurgent,2025-07-31,
100653,P92A2FC4CE098,100653,Resurgent,2025-07-31,
98672,P92E4F1B04DE6,98672,Resurgent,2025-07-31,
96982,P9310596CA92D,96982,Resurgent,2025-07-31,
97725,P933F1FEB2C0C,97725,Resurgent,2025-07-31,
99075,P934B58461F3E,99075,Resurgent,2025-07-31,
98456,P935635EE5F6B,98456,Resurgent,2025-07-31,
98926,P9375D579563A,98926,Resurgent,2025-07-31,
71675,P93A89CFA243C,71675,Resurgent,2025-07-31,
99625,P93B3E905CE62,99625,Resurgent,2025-07-31,
70887,P93B84391CB40,70887,Resurgent,2025-07-31,
100768,P93D05A6BBEE9,100768,Resurgent,2025-07-31,
96907,P93E0FDA87598,96907,Resurgent,2025-07-31,
70075,P93EF7CBD4246,70075,Resurgent,2025-07-31,
68995,P9423B7AD3DC8,68995,Resurgent,2025-07-31,
70721,P94E59C2D1B6F,70721,Resurgent,2025-07-31,
100195,P94F7FB54D119,100195,Resurgent,2025-07-31,
100481,P950803EE8B7A,100481,Resurgent,2025-07-31,
69044,P955791B70901,69044,Resurgent,2025-07-31,
99317,P955EFE26E3D2,99317,Resurgent,2025-07-31,
99714,P95609CE5B20C,99714,Resurgent,2025-07-31,
100872,P95A3706CAB68,100872,Resurgent,2025-07-31,
99031,P95A572908FE4,99031,Resurgent,2025-07-31,
100798,P95BAE3BDB1FA,100798,Resurgent,2025-07-31,
100617,P95C3DCF54F73,100617,Resurgent,2025-07-31,
99127,P95E61BA8CA4E,99127,Resurgent,2025-07-31,
97854,P9612AC4F606B,97854,Resurgent,2025-07-31,
72500,P961DC0E4D515,72500,Resurgent,2025-07-31,
100767,P963E7FC5D42B,100767,Resurgent,2025-07-31,
98571,P9672D30CA93E,98571,Resurgent,2025-07-31,
98694,P96CFC8BF915B,98694,Resurgent,2025-07-31,
71186,P97007196CB16,71186,Resurgent,2025-07-31,
100603,P971321C76B6C,100603,Resurgent,2025-07-31,
100710,P9720758E2003,100710,Resurgent,2025-07-31,
97264,P9736C40F3FB5,97264,Resurgent,2025-07-31,
99454,P974A65D2B89E,99454,Resurgent,2025-07-31,
98398,P975F98538693,98398,Resurgent,2025-07-31,
69013,P9767F0E40B0E,69013,Resurgent,2025-07-31,
72583,P977FC2FA03FB,72583,Resurgent,2025-07-31,
69223,P979EDFE1D4ED,69223,Resurgent,2025-07-31,
100470,P97A118288EBF,100470,Resurgent,2025-07-31,
70285,P97DED8CC7CBB,70285,Resurgent,2025-07-31,
100688,P97EED893055C,100688,Resurgent,2025-07-31,
100430,P98819A0714E4,100430,Resurgent,2025-07-31,
69940,P98AC2BCE3144,69940,Resurgent,2025-07-31,
100890,P98EDF76A2D2D,100890,Resurgent,2025-07-31,
100304,P990C9FE1EB1F,100304,Resurgent,2025-07-31,
98582,P99317968B15F,98582,Resurgent,2025-07-31,
68072,P9931FCCDC0E6,68072,Resurgent,2025-07-31,
98557,P993224BAB41E,98557,Resurgent,2025-07-31,
97935,P993E43ABE7B7,97935,Resurgent,2025-07-31,
97033,P9943B0EE2E32,97033,Resurgent,2025-07-31,
96715,P999EEFECD5B1,96715,Resurgent,2025-07-31,
100672,P99AFDB5F7EB8,100672,Resurgent,2025-07-31,
70485,P99D3BFA66A24,70485,Resurgent,2025-07-31,
100205,P99F8FB11CD6A,100205,Resurgent,2025-07-31,
69918,P9A302665E2D0,69918,Resurgent,2025-07-31,
96654,P9A3C91DD59B8,96654,Resurgent,2025-07-31,
97816,P9A779921D967,97816,Resurgent,2025-07-31,
69210,P9A806DE8D6B4,69210,Resurgent,2025-07-31,
100454,P9A91BACF8470,100454,Resurgent,2025-07-31,
98451,P9A9B5186AF7A,98451,Resurgent,2025-07-31,
97012,P9AB9896F5E21,97012,Resurgent,2025-07-31,
96936,P9AD071D1284B,96936,Resurgent,2025-07-31,
67371,P9AEE550EEE7B,67371,Resurgent,2025-07-31,
98976,P9B354CADEF0F,98976,Resurgent,2025-07-31,
74615,P9B5CA9EDF805,74615,Resurgent,2025-07-31,
99730,P9BBCF26B3BC6,99730,Resurgent,2025-07-31,
99469,P9BCE2093E2DA,99469,Resurgent,2025-07-31,
100420,P9BECF1C703FF,100420,Resurgent,2025-07-31,
97176,P9BF20F77F7C3,97176,Resurgent,2025-07-31,
99394,P9C42BD307248,99394,Resurgent,2025-07-31,
72504,P9C52DAD384A9,72504,Resurgent,2025-07-31,
67661,P9C96A6665A54,67661,Resurgent,2025-07-31,
99770,P9CAAFE21D0FC,99770,Resurgent,2025-07-31,
98585,P9CF1D4A5F3BE,98585,Resurgent,2025-07-31,
70459,P9D0215C9E555,70459,Resurgent,2025-07-31,
98885,P9D2724E6C908,98885,Resurgent,2025-07-31,
98488,P9D5A2B0A6515,98488,Resurgent,2025-07-31,
70873,P9DEDA7751508,70873,Resurgent,2025-07-31,
96853,P9DF398FE2BAC,96853,Resurgent,2025-07-31,
71187,P9DFFF895C4F9,71187,Resurgent,2025-07-31,
96976,P9E8866AA7B37,96976,Resurgent,2025-07-31,
98625,P9EB7D810E486,98625,Resurgent,2025-07-31,
98416,P9EC8CA2A4E88,98416,Resurgent,2025-07-31,
67199,P9ED05AEEA9D9,67199,Resurgent,2025-07-31,
98169,P9F4315E31F97,98169,Resurgent,2025-07-31,
69189,P9F8CD9908183,69189,Resurgent,2025-07-31,
98011,P9FB34DA216F7,98011,Resurgent,2025-07-31,
96752,P9FB82F85538A,96752,Resurgent,2025-07-31,
98595,P9FB9AFDCBBCF,98595,Resurgent,2025-07-31,
69916,P9FEE6F3F9C5F,69916,Resurgent,2025-07-31,
100753,P9FF0E6C89E43,100753,Resurgent,2025-07-31,
71648,P9FF8068C2526,71648,Resurgent,2025-07-31,
98233,PA02B5C0F2F4B,98233,Resurgent,2025-07-31,
100106,PA0684811EC44,100106,Resurgent,2025-07-31,
98356,PA09F5A2D4DDA,98356,Resurgent,2025-07-31,
98774,PA0CB9010C0F5,98774,Resurgent,2025-07-31,
69583,PA0F2D6E63DF3,69583,Resurgent,2025-07-31,
100288,PA0FC492D5E41,100288,Resurgent,2025-07-31,
99704,PA12B173CB828,99704,Resurgent,2025-07-31,
67348,PA1A3DFBF91D9,67348,Resurgent,2025-07-31,
97949,PA1BE6A912BDD,97949,Resurgent,2025-07-31,
96846,PA1DBD0305E40,96846,Resurgent,2025-07-31,
96693,PA1EB7F925CED,96693,Resurgent,2025-07-31,
99333,PA24845DA7870,99333,Resurgent,2025-07-31,
98925,PA248C2950223,98925,Resurgent,2025-07-31,
71056,PA2611B0CC3EA,71056,Resurgent,2025-07-31,
97322,PA27EF2E6C11B,97322,Resurgent,2025-07-31,
96625,PA2DD30C680AC,96625,Resurgent,2025-07-31,
70995,PA2FFFCDAF62C,70995,Resurgent,2025-07-31,
100193,PA3338E4A089E,100193,Resurgent,2025-07-31,
100765,PA338E988B2EB,100765,Resurgent,2025-07-31,
96473,PA3679D87572A,96473,Resurgent,2025-07-31,
98871,PA36E0ABBD65A,98871,Resurgent,2025-07-31,
100584,PA39FEB2C7A38,100584,Resurgent,2025-07-31,
98893,PA3B2D1216A79,98893,Resurgent,2025-07-31,
97305,PA3EA26CAC692,97305,Resurgent,2025-07-31,
97337,PA3ED9DEC2579,97337,Resurgent,2025-07-31,
99555,PA3F51ADD1B2A,99555,Resurgent,2025-07-31,
98754,PA4598855CE2C,98754,Resurgent,2025-07-31,
97138,PA45FC396EEBB,97138,Resurgent,2025-07-31,
98530,PA468FF8F960A,98530,Resurgent,2025-07-31,
100647,PA46BC71269FE,100647,Resurgent,2025-07-31,
100729,PA4DD47393E57,100729,Resurgent,2025-07-31,
68857,PA4F1649D56E0,68857,Resurgent,2025-07-31,
99291,PA4F6372A2B6F,99291,Resurgent,2025-07-31,
100457,PA548CA61176F,100457,Resurgent,2025-07-31,
99185,PA559568FCAD7,99185,Resurgent,2025-07-31,
99970,PA5687AACF31C,99970,Resurgent,2025-07-31,
98653,PA56B9EA0FA5F,98653,Resurgent,2025-07-31,
96448,PA5883EC98080,96448,Resurgent,2025-07-31,
96999,PA5C54376BDCC,96999,Resurgent,2025-07-31,
70822,PA5C90B09B6D2,70822,Resurgent,2025-07-31,
98930,PA5FCB2D7F2E9,98930,Resurgent,2025-07-31,
99096,PA60ECF893253,99096,Resurgent,2025-07-31,
99810,PA610C2109AB1,99810,Resurgent,2025-07-31,
100784,PA6413FBAB7F5,100784,Resurgent,2025-07-31,
99497,PA68F44A09F14,99497,Resurgent,2025-07-31,
100697,PA6A23E42554A,100697,Resurgent,2025-07-31,
97086,PA6A9F1E63175,97086,Resurgent,2025-07-31,
72345,PA6B49BD2047C,72345,Resurgent,2025-07-31,
100940,PA6CA1F31A9D5,100940,Resurgent,2025-07-31,
100397,PA6CE4F3ACA62,100397,Resurgent,2025-07-31,
99510,PA6D5DE86C7E9,99510,Resurgent,2025-07-31,
99330,PA6FAAAB4780B,99330,Resurgent,2025-07-31,
71548,PA6FF6FBACDF4,71548,Resurgent,2025-07-31,
100134,PA71F5C272895,100134,Resurgent,2025-07-31,
100145,PA74A7220AB5B,100145,Resurgent,2025-07-31,
96500,PA74E3DF1EAC1,96500,Resurgent,2025-07-31,
100612,PA754C03E7BC3,100612,Resurgent,2025-07-31,
96346,PA76BCE89EB9B,96346,Resurgent,2025-07-31,
98125,PA787214AE3BF,98125,Resurgent,2025-07-31,
99670,PA7AD1FDF201F,99670,Resurgent,2025-07-31,
97772,PA7C1DE32F8B6,97772,Resurgent,2025-07-31,
98972,PA7EB9A64723E,98972,Resurgent,2025-07-31,
99000,PA7F384D58A3A,99000,Resurgent,2025-07-31,
97804,PA807C2505E84,97804,Resurgent,2025-07-31,
66651,PA8115A6FDB3E,66651,Resurgent,2025-07-31,
99416,PA8247FB0D355,99416,Resurgent,2025-07-31,
99491,PA8296DFFCCD4,99491,Resurgent,2025-07-31,
97013,PA85C4A6AE489,97013,Resurgent,2025-07-31,
100545,PA87B2A70AC97,100545,Resurgent,2025-07-31,
66936,PA8DFDB9415DC,66936,Resurgent,2025-07-31,
96929,PA8F493071974,96929,Resurgent,2025-07-31,
100543,PA8F95C8E2FBD,100543,Resurgent,2025-07-31,
97190,PA903CB7AFCE4,97190,Resurgent,2025-07-31,
99258,PA913DBAD38FC,99258,Resurgent,2025-07-31,
99400,PA96C235E0E11,99400,Resurgent,2025-07-31,
97045,PA97E199D85D8,97045,Resurgent,2025-07-31,
72299,PA982C4519360,72299,Resurgent,2025-07-31,
99413,PA9AE7A2A08F9,99413,Resurgent,2025-07-31,
99690,PA9C342D5F912,99690,Resurgent,2025-07-31,
98911,PA9E0AFC222FA,98911,Resurgent,2025-07-31,
99355,PA9FB15234F06,99355,Resurgent,2025-07-31,
98248,PAA01120CAE89,98248,Resurgent,2025-07-31,
100574,PAA1657A20B58,100574,Resurgent,2025-07-31,
72200,PAA28110BFCE6,72200,Resurgent,2025-07-31,
69835,PAA282DE31062,69835,Resurgent,2025-07-31,
67498,PAA3D3DD07249,67498,Resurgent,2025-07-31,
97436,PAA3DA3579CF6,97436,Resurgent,2025-07-31,
98274,PAA4A063B57C0,98274,Resurgent,2025-07-31,
99003,PAAB4BB0507BE,99003,Resurgent,2025-07-31,
98043,PAAE3562B35F9,98043,Resurgent,2025-07-31,
98305,PAAFC120F8C3F,98305,Resurgent,2025-07-31,
99957,PAB07E07DCA69,99957,Resurgent,2025-07-31,
73364,PAB44C91A0993,73364,Resurgent,2025-07-31,
68285,PAB516A45B78B,68285,Resurgent,2025-07-31,
98747,PAB78B4E844AE,98747,Resurgent,2025-07-31,
67756,PABBBEA34CAB1,67756,Resurgent,2025-07-31,
100421,PABBF402C0F41,100421,Resurgent,2025-07-31,
97764,PABC96A6504D2,97764,Resurgent,2025-07-31,
99886,PABCE1158A955,99886,Resurgent,2025-07-31,
98183,PABD85A062999,98183,Resurgent,2025-07-31,
99973,PABDA906011A0,99973,Resurgent,2025-07-31,
97362,PAC06757062DE,97362,Resurgent,2025-07-31,
97296,PAC1C79072A39,97296,Resurgent,2025-07-31,
98117,PAC2EE487C9DB,98117,Resurgent,2025-07-31,
100077,PAC7F66355593,100077,Resurgent,2025-07-31,
100020,PAC8A92AD1226,100020,Resurgent,2025-07-31,
68370,PACA79A9FE3AC,68370,Resurgent,2025-07-31,
69289,PACAAA7BCC4D9,69289,Resurgent,2025-07-31,
70578,PACAAC853921E,70578,Resurgent,2025-07-31,
100452,PACB87667B4B9,100452,Resurgent,2025-07-31,
97057,PACC753BD604B,97057,Resurgent,2025-07-31,
97829,PACD1DD299553,97829,Resurgent,2025-07-31,
99671,PACE1217637D1,99671,Resurgent,2025-07-31,
98866,PACE419809F0D,98866,Resurgent,2025-07-31,
99259,PACFBBC30C10B,99259,Resurgent,2025-07-31,
100581,PAD09A09E8147,100581,Resurgent,2025-07-31,
98170,PAD1C2DC50796,98170,Resurgent,2025-07-31,
97792,PAD589224BA28,97792,Resurgent,2025-07-31,
70331,PAD70FB6EFD35,70331,Resurgent,2025-07-31,
98200,PAD77AA325B1F,98200,Resurgent,2025-07-31,
97809,PAD823C9BD57A,97809,Resurgent,2025-07-31,
97233,PADB8B18BA690,97233,Resurgent,2025-07-31,
100202,PADC88BAE5D0D,100202,Resurgent,2025-07-31,
99384,PADCA9933B392,99384,Resurgent,2025-07-31,
71587,PAE0078D7B439,71587,Resurgent,2025-07-31,
70491,PAE0591A6080E,70491,Resurgent,2025-07-31,
67602,PAE1616185B64,67602,Resurgent,2025-07-31,
100076,PAE2EA0A9F101,100076,Resurgent,2025-07-31,
99470,PAE46C2C91ABD,99470,Resurgent,2025-07-31,
100414,PAE60CC49AE48,100414,Resurgent,2025-07-31,
96516,PAE978BD48E68,96516,Resurgent,2025-07-31,
98160,PAEBB525D136F,98160,Resurgent,2025-07-31,
96883,PAF3FFF88ED0D,96883,Resurgent,2025-07-31,
99480,PAF49665171D3,99480,Resurgent,2025-07-31,
74644,PAF538CD713EE,74644,Resurgent,2025-07-31,
98949,PAF57BC91B48A,98949,Resurgent,2025-07-31,
100668,PAF6E14EC8895,100668,Resurgent,2025-07-31,
98345,PAF7438FFF7A4,98345,Resurgent,2025-07-31,
96708,PAF7B8A49019F,96708,Resurgent,2025-07-31,
96497,PB023853A4CA9,96497,Resurgent,2025-07-31,
98938,PB06648769BB9,98938,Resurgent,2025-07-31,
71318,PB06C81234B49,71318,Resurgent,2025-07-31,
99667,PB0AA8049BB40,99667,Resurgent,2025-07-31,
98349,PB100A2E6C00A,98349,Resurgent,2025-07-31,
68397,PB1024064811A,68397,Resurgent,2025-07-31,
99198,PB132417460B4,99198,Resurgent,2025-07-31,
71878,PB199C6BB30E8,71878,Resurgent,2025-07-31,
100515,PB1EAE0416A07,100515,Resurgent,2025-07-31,
67677,PB250C5B7B12E,67677,Resurgent,2025-07-31,
99932,PB253F4567C6D,99932,Resurgent,2025-07-31,
96852,PB257A6494A2C,96852,Resurgent,2025-07-31,
98819,PB27845173745,98819,Resurgent,2025-07-31,
67530,PB289A9C61651,67530,Resurgent,2025-07-31,
74596,PB2A55313BB51,74596,Resurgent,2025-07-31,
98730,PB2AC377AE761,98730,Resurgent,2025-07-31,
100855,PB2CDF0B97878,100855,Resurgent,2025-07-31,
98424,PB2D2737AADA5,98424,Resurgent,2025-07-31,
98185,PB2F407E1D140,98185,Resurgent,2025-07-31,
98685,PB3283B4EE8BC,98685,Resurgent,2025-07-31,
98536,PB3946FAC3400,98536,Resurgent,2025-07-31,
99225,PB3A639A3CB48,99225,Resurgent,2025-07-31,
98263,PB3C41CFEA8E8,98263,Resurgent,2025-07-31,
66949,PB4008F03F416,66949,Resurgent,2025-07-31,
98673,PB449BA940F3D,98673,Resurgent,2025-07-31,
97821,PB480CB652228,97821,Resurgent,2025-07-31,
98954,PB485D70D31E7,98954,Resurgent,2025-07-31,
100291,PB4B8EF6E89CB,100291,Resurgent,2025-07-31,
99391,PB4DCF2CE5ED8,99391,Resurgent,2025-07-31,
98783,PB516D6136F52,98783,Resurgent,2025-07-31,
99889,PB5239F2DC7C6,99889,Resurgent,2025-07-31,
99856,PB57A25B989E1,99856,Resurgent,2025-07-31,
97948,PB59AAC9CB799,97948,Resurgent,2025-07-31,
99976,PB59F125F49A3,99976,Resurgent,2025-07-31,
96950,PB5A8A2057E06,96950,Resurgent,2025-07-31,
98551,PB5AFA669D1F6,98551,Resurgent,2025-07-31,
99962,PB6453B2ACEBA,99962,Resurgent,2025-07-31,
100075,PB69347D8A72A,100075,Resurgent,2025-07-31,
98907,PB6A896F04760,98907,Resurgent,2025-07-31,
97234,PB6AE2C2A9AFF,97234,Resurgent,2025-07-31,
69265,PB6B533EEFCD7,69265,Resurgent,2025-07-31,
73254,PB6C9D10549FE,73254,Resurgent,2025-07-31,
99858,PB6F5C190784F,99858,Resurgent,2025-07-31,
97409,PB73B2FE357BC,97409,Resurgent,2025-07-31,
67433,PB75D8A78138F,67433,Resurgent,2025-07-31,
73697,PB765A31858B5,73697,Resurgent,2025-07-31,
100695,PB794D03759D7,100695,Resurgent,2025-07-31,
99189,PB7AEB89B168C,99189,Resurgent,2025-07-31,
98196,PB7BC22CF3A5C,98196,Resurgent,2025-07-31,
98528,PB7BE149738DE,98528,Resurgent,2025-07-31,
67422,PB817CD2C1C5D,67422,Resurgent,2025-07-31,
100637,PB866F80FC8AA,100637,Resurgent,2025-07-31,
100022,PB86A370003BC,100022,Resurgent,2025-07-31,
97992,PB8700226F677,97992,Resurgent,2025-07-31,
69163,PB878B0900C71,69163,Resurgent,2025-07-31,
99372,PB8BDF34F5224,99372,Resurgent,2025-07-31,
97044,PB8EEDA8B18D9,97044,Resurgent,2025-07-31,
98365,PB9117F2AA789,98365,Resurgent,2025-07-31,
67782,PB9173CE0FE9C,67782,Resurgent,2025-07-31,
99988,PB9204AF70611,99988,Resurgent,2025-07-31,
99566,PB955DE2DF767,99566,Resurgent,2025-07-31,
98173,PB9ADDC20A39F,98173,Resurgent,2025-07-31,
71562,PB9CD7E138364,71562,Resurgent,2025-07-31,
100472,PB9D24DEFACD2,100472,Resurgent,2025-07-31,
96931,PBA2A4D38C8FA,96931,Resurgent,2025-07-31,
97980,PBA4D7686BEA1,97980,Resurgent,2025-07-31,
73404,PBAA71AB0BCBE,73404,Resurgent,2025-07-31,
69600,PBAB0B621790F,69600,Resurgent,2025-07-31,
100604,PBACA455DE13B,100604,Resurgent,2025-07-31,
71003,PBAE6B2C30BB5,71003,Resurgent,2025-07-31,
70852,PBB12566E6EB1,70852,Resurgent,2025-07-31,
97285,PBB16DC72C690,97285,Resurgent,2025-07-31,
98179,PBB2B9BFD5FE6,98179,Resurgent,2025-07-31,
99102,PBB768676A48A,99102,Resurgent,2025-07-31,
98639,PBB8996F2082A,98639,Resurgent,2025-07-31,
98787,PBBB96B1528E5,98787,Resurgent,2025-07-31,
99906,PBBC01A497CA9,99906,Resurgent,2025-07-31,
99308,PBBF594E04C00,99308,Resurgent,2025-07-31,
98489,PBBFF338156FC,98489,Resurgent,2025-07-31,
72198,PBC355D858DCE,72198,Resurgent,2025-07-31,
98186,PBC69A014BD26,98186,Resurgent,2025-07-31,
97080,PBC93CE947375,97080,Resurgent,2025-07-31,
97207,PBCD6E7B9894E,97207,Resurgent,2025-07-31,
97228,PBCEB38C07B01,97228,Resurgent,2025-07-31,
68533,PBD05B7FD418F,68533,Resurgent,2025-07-31,
100657,PBD1A79BE47B7,100657,Resurgent,2025-07-31,
96901,PBD31C2F6521E,96901,Resurgent,2025-07-31,
68461,PBD33490EF2F1,68461,Resurgent,2025-07-31,
98253,PBD3D8709B1A3,98253,Resurgent,2025-07-31,
74387,PBD4E736600CC,74387,Resurgent,2025-07-31,
97217,PBD6AF9AEE78C,97217,Resurgent,2025-07-31,
97198,PBDC526158008,97198,Resurgent,2025-07-31,
74382,PBDD0AF456261,74382,Resurgent,2025-07-31,
96610,PBDD8C419571F,96610,Resurgent,2025-07-31,
69685,PBE1B02BBEAF1,69685,Resurgent,2025-07-31,
96879,PBE40D1383843,96879,Resurgent,2025-07-31,
98217,PBE8DA02DC838,98217,Resurgent,2025-07-31,
99547,PBEC8D17D9AE7,99547,Resurgent,2025-07-31,
99101,PBECCB17CDCB8,99101,Resurgent,2025-07-31,
98491,PBF397FF5F664,98491,Resurgent,2025-07-31,
99842,PBF6D2FBD92A6,99842,Resurgent,2025-07-31,
97056,PBF7B645588E9,97056,Resurgent,2025-07-31,
98504,PBF81441279E8,98504,Resurgent,2025-07-31,
96898,PC0141904D59E,96898,Resurgent,2025-07-31,
100463,PC04FD51B9414,100463,Resurgent,2025-07-31,
74664,PC093317FB19D,74664,Resurgent,2025-07-31,
98059,PC0EE8EB93232,98059,Resurgent,2025-07-31,
97074,PC10958CDB2DB,97074,Resurgent,2025-07-31,
97015,PC1150F01ECA8,97015,Resurgent,2025-07-31,
99868,PC116686CF92E,99868,Resurgent,2025-07-31,
66990,PC1569E0F2215,66990,Resurgent,2025-07-31,
74889,PC1B6EAB1BB2F,74889,Resurgent,2025-07-31,
96651,PC1C831D6EDF3,96651,Resurgent,2025-07-31,
99629,PC1F11E4AB920,99629,Resurgent,2025-07-31,
98706,PC26E20D7D5EB,98706,Resurgent,2025-07-31,
100379,PC295BBE373BF,100379,Resurgent,2025-07-31,
69816,PC2B0B54B524D,69816,Resurgent,2025-07-31,
100903,PC2D4231CE915,100903,Resurgent,2025-07-31,
96932,PC30ABF857566,96932,Resurgent,2025-07-31,
99736,PC31F6085A153,99736,Resurgent,2025-07-31,
100408,PC3532C227A33,100408,Resurgent,2025-07-31,
69770,PC3C01B27534C,69770,Resurgent,2025-07-31,
97433,PC3D41A53F292,97433,Resurgent,2025-07-31,
98372,PC46E3FF005B4,98372,Resurgent,2025-07-31,
67135,PC479279CBA21,67135,Resurgent,2025-07-31,
98389,PC47E97C3E1B3,98389,Resurgent,2025-07-31,
97907,PC4E4761964E9,97907,Resurgent,2025-07-31,
99699,PC5009EAB7920,99699,Resurgent,2025-07-31,
67721,PC516DF403BCA,67721,Resurgent,2025-07-31,
100257,PC52166AD4C45,100257,Resurgent,2025-07-31,
72469,PC53E0928D04F,72469,Resurgent,2025-07-31,
99013,PC568729B3F81,99013,Resurgent,2025-07-31,
98752,PC5981CEECE2B,98752,Resurgent,2025-07-31,
71427,PC5A55688EA7D,71427,Resurgent,2025-07-31,
99482,PC5BE26EA67CE,99482,Resurgent,2025-07-31,
100396,PC5CC443C0213,100396,Resurgent,2025-07-31,
100705,PC5DAE43263E3,100705,Resurgent,2025-07-31,
97721,PC5F0EDDD0378,97721,Resurgent,2025-07-31,
96824,PC6243B37E24E,96824,Resurgent,2025-07-31,
97882,PC645580F3EB9,97882,Resurgent,2025-07-31,
99696,PC6A46A5D351C,99696,Resurgent,2025-07-31,
99640,PC6A96BB39704,99640,Resurgent,2025-07-31,
100862,PC6ABFB0A1ABF,100862,Resurgent,2025-07-31,
66761,PC6D49CA4A954,66761,Resurgent,2025-07-31,
99070,PC701819DB493,99070,Resurgent,2025-07-31,
96893,PC7026BB27C50,96893,Resurgent,2025-07-31,
98647,PC7514C440177,98647,Resurgent,2025-07-31,
67110,PC75D5AEFB6E0,67110,Resurgent,2025-07-31,
98139,PC75FD3BA1403,98139,Resurgent,2025-07-31,
67060,PC763B1FC992F,67060,Resurgent,2025-07-31,
100549,PC79637941551,100549,Resurgent,2025-07-31,
100220,PC7B683601802,100220,Resurgent,2025-07-31,
100821,PC7B7059F2E51,100821,Resurgent,2025-07-31,
98244,PC7D7A4AD885B,98244,Resurgent,2025-07-31,
100530,PC7F640CB63EA,100530,Resurgent,2025-07-31,
98736,PC81ABE1EBD91,98736,Resurgent,2025-07-31,
99601,PC82D551691CD,99601,Resurgent,2025-07-31,
97443,PC82DD635E5DB,97443,Resurgent,2025-07-31,
96987,PC841D433DEED,96987,Resurgent,2025-07-31,
96896,PC889AD3B3F4F,96896,Resurgent,2025-07-31,
97338,PC8BDDA71DD20,97338,Resurgent,2025-07-31,
69836,PC8CC0596080D,69836,Resurgent,2025-07-31,
69785,PC8EEB307D185,69785,Resurgent,2025-07-31,
69142,PC940A1722D5E,69142,Resurgent,2025-07-31,
99091,PC943E69A3FC4,99091,Resurgent,2025-07-31,
71109,PC94CE9114AC3,71109,Resurgent,2025-07-31,
98645,PC97198268D57,98645,Resurgent,2025-07-31,
98588,PC98740683574,98588,Resurgent,2025-07-31,
69126,PC9889F2CA508,69126,Resurgent,2025-07-31,
98951,PC9C8E4A836A9,98951,Resurgent,2025-07-31,
97312,PC9C9DD8FDC1A,97312,Resurgent,2025-07-31,
70170,PCA330CACA049,70170,Resurgent,2025-07-31,
99577,PCA56F4A37DAA,99577,Resurgent,2025-07-31,
98795,PCA7415479319,98795,Resurgent,2025-07-31,
99735,PCAAFDB2F7E4E,99735,Resurgent,2025-07-31,
98268,PCAC99878D3B0,98268,Resurgent,2025-07-31,
99036,PCAD8A6A1E2C1,99036,Resurgent,2025-07-31,
67686,PCAE544DD01B5,67686,Resurgent,2025-07-31,
125138,PCB671C9D25FC,125138,Resurgent,2025-07-31,
67783,PCB6F29AD01DE,67783,Resurgent,2025-07-31,
100373,PCB8A675BD329,100373,Resurgent,2025-07-31,
97308,PCBF44164B3C4,97308,Resurgent,2025-07-31,
97956,PCC3E4BADB631,97956,Resurgent,2025-07-31,
98445,PCC4DC14E9516,98445,Resurgent,2025-07-31,
96998,PCC5009E62035,96998,Resurgent,2025-07-31,
97239,PCC57081067E7,97239,Resurgent,2025-07-31,
100870,PCC70BC81682A,100870,Resurgent,2025-07-31,
69164,PCC954897B63F,69164,Resurgent,2025-07-31,
96499,PCC979A495B78,96499,Resurgent,2025-07-31,
97221,PCCAD250B3972,97221,Resurgent,2025-07-31,
98985,PCCAED5CA65BD,98985,Resurgent,2025-07-31,
99508,PCCD131C2661E,99508,Resurgent,2025-07-31,
97261,PCCFC382EAA29,97261,Resurgent,2025-07-31,
99161,PCD06E23E30BE,99161,Resurgent,2025-07-31,
97147,PCD170B22E6B6,97147,Resurgent,2025-07-31,
99828,PCD2D9AB513D0,99827,Resurgent,2025-07-31,
99126,PCD433130284F,99126,Resurgent,2025-07-31,
72367,PCD678478B19F,72367,Resurgent,2025-07-31,
98023,PCD6CBE5B2A3A,98023,Resurgent,2025-07-31,
99467,PCD7D4E9EAC4E,99467,Resurgent,2025-07-31,
100406,PCD8BD728E4D4,100406,Resurgent,2025-07-31,
100728,PCD9F165B7834,100728,Resurgent,2025-07-31,
71249,PCDEE806F468A,71249,Resurgent,2025-07-31,
66750,PCE6D2C425205,66750,Resurgent,2025-07-31,
100500,PCE6F69FAE5EB,100500,Resurgent,2025-07-31,
100882,PCE8865E3F32E,100882,Resurgent,2025-07-31,
69183,PCED0B296B4FF,69183,Resurgent,2025-07-31,
99498,PCFC38B0B28CD,99498,Resurgent,2025-07-31,
100451,PCFD10AD7019E,100451,Resurgent,2025-07-31,
99319,PCFF38124EC9F,99319,Resurgent,2025-07-31,
71142,PD02CA8EA665E,71142,Resurgent,2025-07-31,
96604,PD08B1EC87300,96603,Resurgent,2025-07-31,
98167,PD0BB9AD88949,98167,Resurgent,2025-07-31,
97121,PD0CEFA49D5BF,97121,Resurgent,2025-07-31,
97277,PD0CF2EF764F6,97277,Resurgent,2025-07-31,
68244,PD0D76146E319,68244,Resurgent,2025-07-31,
73136,PD0FBD79D12D6,73136,Resurgent,2025-07-31,
96975,PD12301CBF555,96975,Resurgent,2025-07-31,
96455,PD1262830B19A,96455,Resurgent,2025-07-31,
70140,PD158FB11EE36,70140,Resurgent,2025-07-31,
98281,PD162BDC448B3,98281,Resurgent,2025-07-31,
67000,PD193F782CC73,67000,Resurgent,2025-07-31,
97408,PD1A0DD571479,97408,Resurgent,2025-07-31,
97966,PD1B3FDEBBB21,97966,Resurgent,2025-07-31,
97058,PD24C2BF930F9,97058,Resurgent,2025-07-31,
98347,PD2714C9D4AD2,98347,Resurgent,2025-07-31,
98272,PD2885767051A,98272,Resurgent,2025-07-31,
99024,PD299C23C05FC,99024,Resurgent,2025-07-31,
69252,PD2D23A5F3CC1,69252,Resurgent,2025-07-31,
69925,PD2EFA6939D05,69925,Resurgent,2025-07-31,
98473,PD32B1A275206,98473,Resurgent,2025-07-31,
97336,PD354E5A66344,97336,Resurgent,2025-07-31,
100435,PD35A97AB1207,100435,Resurgent,2025-07-31,
100100,PD3615B63E678,100100,Resurgent,2025-07-31,
96690,PD3937364D98C,96690,Resurgent,2025-07-31,
100533,PD3BE811FE14F,100533,Resurgent,2025-07-31,
97136,PD3E6152D2623,97136,Resurgent,2025-07-31,
99320,PD3E7DF0D9078,99320,Resurgent,2025-07-31,
98144,PD40C3190A59B,98144,Resurgent,2025-07-31,
99422,PD42C2AB88B2C,99422,Resurgent,2025-07-31,
98590,PD438B7387C16,98590,Resurgent,2025-07-31,
100278,PD45ED35E9D5C,100278,Resurgent,2025-07-31,
99757,PD48F07C703F2,99757,Resurgent,2025-07-31,
99240,PD4C216506F4F,99240,Resurgent,2025-07-31,
100791,PD4F96F6D5C2F,100791,Resurgent,2025-07-31,
68795,PD538298D3AD8,68795,Resurgent,2025-07-31,
98429,PD5715034E3F5,98429,Resurgent,2025-07-31,
99426,PD5B206864E79,99426,Resurgent,2025-07-31,
96517,PD5BBDE1D0DF0,96517,Resurgent,2025-07-31,
98731,PD5DB016EB8C3,98731,Resurgent,2025-07-31,
99141,PD5DD995761D7,99141,Resurgent,2025-07-31,
100937,PD6924FBC011F,100937,Resurgent,2025-07-31,
97175,PD69C462803CE,97175,Resurgent,2025-07-31,
100506,PD6ACEEBC5793,100506,Resurgent,2025-07-31,
100675,PD6B3EC517F2C,100675,Resurgent,2025-07-31,
98818,PD6DED4B66566,98818,Resurgent,2025-07-31,
100314,PD70B9A1FF167,100314,Resurgent,2025-07-31,
100326,PD7102C1F1D55,100326,Resurgent,2025-07-31,
70754,PD73575CDDF59,70754,Resurgent,2025-07-31,
71261,PD74AA639F132,71261,Resurgent,2025-07-31,
98030,PD757D1BEA192,98030,Resurgent,2025-07-31,
100363,PD771A7FE5144,100363,Resurgent,2025-07-31,
99085,PD788C995E452,99085,Resurgent,2025-07-31,
99322,PD81BA3C7D37F,99322,Resurgent,2025-07-31,
99038,PD81E2CBB4B2F,99038,Resurgent,2025-07-31,
98969,PD827312D3218,98969,Resurgent,2025-07-31,
99999,PD82DCBF37798,99999,Resurgent,2025-07-31,
97293,PD863AC02F1A3,97293,Resurgent,2025-07-31,
97255,PD8C5B02C7636,97255,Resurgent,2025-07-31,
98573,PD8D1849F7C9B,98573,Resurgent,2025-07-31,
100909,PD90E0C1B17A8,100909,Resurgent,2025-07-31,
70373,PD988C24C0901,70373,Resurgent,2025-07-31,
98897,PD9F163219C51,98897,Resurgent,2025-07-31,
98837,PD9FB02CDBEB2,98837,Resurgent,2025-07-31,
98042,PDA2C7BBAF12E,98042,Resurgent,2025-07-31,
98656,PDA4BC7C07E56,98656,Resurgent,2025-07-31,
98291,PDAE6BAE0C4FB,98291,Resurgent,2025-07-31,
71326,PDAF93D47F438,71326,Resurgent,2025-07-31,
98878,PDAF97BBC263F,98878,Resurgent,2025-07-31,
98264,PDB5D513DEA1D,98264,Resurgent,2025-07-31,
97938,PDB625D467BB8,97938,Resurgent,2025-07-31,
72085,PDB7EAA6E32FD,72085,Resurgent,2025-07-31,
99201,PDB90F579166C,99202,Resurgent,2025-07-31,
98479,PDBA0BA5C2FF4,98479,Resurgent,2025-07-31,
98230,PDBB3782CEEEE,98230,Resurgent,2025-07-31,
99832,PDBB77194DE90,99832,Resurgent,2025-07-31,
98873,PDC0DEA68F02F,98873,Resurgent,2025-07-31,
67861,PDC19C7EE6939,67861,Resurgent,2025-07-31,
98940,PDC602487B529,98940,Resurgent,2025-07-31,
99155,PDCA7D99F1CB1,99155,Resurgent,2025-07-31,
97331,PDCA9D7BBE247,97331,Resurgent,2025-07-31,
67542,PDCE040120D70,67542,Resurgent,2025-07-31,
98876,PDD005163EE18,98876,Resurgent,2025-07-31,
100640,PDD77353CE0A1,100640,Resurgent,2025-07-31,
100860,PDDC5B17890E9,100860,Resurgent,2025-07-31,
99315,PDDF1C825977E,99315,Resurgent,2025-07-31,
96361,PDDFDC830B5C9,96361,Resurgent,2025-07-31,
98316,PDEB167A91F17,98316,Resurgent,2025-07-31,
98115,PDEB6FBEF8ADC,98115,Resurgent,2025-07-31,
100769,PDEC11A86A9E4,100769,Resurgent,2025-07-31,
70900,PDF026FFCFBD6,70900,Resurgent,2025-07-31,
98210,PDF1BBB1942E7,98210,Resurgent,2025-07-31,
68957,PDF3BCBF231CE,68957,Resurgent,2025-07-31,
100021,PDF5B4A04B998,100021,Resurgent,2025-07-31,
100810,PDF8A0B6D3CFC,100810,Resurgent,2025-07-31,
96867,PDFA4A1DC4EDC,96867,Resurgent,2025-07-31,
97825,PE00A96BF35E3,97825,Resurgent,2025-07-31,
100907,PE01CDD178970,100907,Resurgent,2025-07-31,
100524,PE023ADC0478A,100524,Resurgent,2025-07-31,
100444,PE0EA90DA3C68,100444,Resurgent,2025-07-31,
99579,PE1277909A3BD,99579,Resurgent,2025-07-31,
98574,PE155D4FCEDDC,98574,Resurgent,2025-07-31,
99358,PE18949209B3C,99358,Resurgent,2025-07-31,
98519,PE2081AFC57FD,98519,Resurgent,2025-07-31,
97157,PE215785DF078,97157,Resurgent,2025-07-31,
98055,PE260A8AD8382,98055,Resurgent,2025-07-31,
70580,PE265EFA4E3A9,70580,Resurgent,2025-07-31,
99476,PE31B098B6AEE,99476,Resurgent,2025-07-31,
97155,PE348832FE2B7,97155,Resurgent,2025-07-31,
68927,PE351E278CF9B,68927,Resurgent,2025-07-31,
98923,PE37BF50AB2B0,98923,Resurgent,2025-07-31,
100673,PE38120A4D043,100673,Resurgent,2025-07-31,
97102,PE396134D195B,97102,Resurgent,2025-07-31,
100641,PE39B67753818,100641,Resurgent,2025-07-31,
100209,PE3BA98078F1F,100209,Resurgent,2025-07-31,
71545,PE4BF15A90C4A,71545,Resurgent,2025-07-31,
98853,PE4F49BB1BDF5,98853,Resurgent,2025-07-31,
99616,PE5064EEDD97D,99616,Resurgent,2025-07-31,
96927,PE54804757383,96927,Resurgent,2025-07-31,
100811,PE561BD97C3CE,100811,Resurgent,2025-07-31,
96918,PE5674534F9BB,96918,Resurgent,2025-07-31,
69132,PE595E3537696,69132,Resurgent,2025-07-31,
100031,PE5AF5B012B81,100031,Resurgent,2025-07-31,
71361,PE5C415419BE4,71361,Resurgent,2025-07-31,
99928,PE5FB1455AC98,99928,Resurgent,2025-07-31,
71349,PE602E011C3E7,71349,Resurgent,2025-07-31,
96872,PE645B163C653,96872,Resurgent,2025-07-31,
99891,PE6468B001EC3,99891,Resurgent,2025-07-31,
68723,PE65C81CBFB5E,68723,Resurgent,2025-07-31,
96910,PE666936C9825,96910,Resurgent,2025-07-31,
97143,PE66C260CF433,97143,Resurgent,2025-07-31,
97424,PE67D1C9FC83B,97424,Resurgent,2025-07-31,
96644,PE6A5FDDF178A,96644,Resurgent,2025-07-31,
98564,PE6E76B7D4862,98564,Resurgent,2025-07-31,
98568,PE6ED83807F10,98568,Resurgent,2025-07-31,
98980,PE7003D73327D,98980,Resurgent,2025-07-31,
99492,PE71BB18F5F2B,99492,Resurgent,2025-07-31,
97211,PE71EAFC310EB,97211,Resurgent,2025-07-31,
97202,PE76A1930E788,97202,Resurgent,2025-07-31,
97888,PE7721390B89C,97888,Resurgent,2025-07-31,
70490,PE787290F4D13,70490,Resurgent,2025-07-31,
98016,PE7BB0B0D920E,98016,Resurgent,2025-07-31,
99209,PE7C55F8E14BF,99209,Resurgent,2025-07-31,
72373,PE803514C8285,72373,Resurgent,2025-07-31,
97890,PE82E13F49DC9,97890,Resurgent,2025-07-31,
71638,PE844BE077F2A,71638,Resurgent,2025-07-31,
74395,PE87E069A4C61,74395,Resurgent,2025-07-31,
98945,PE887A99A92FE,98945,Resurgent,2025-07-31,
96575,PE8C5F98E388F,96574,Resurgent,2025-07-31,
68672,PE8FA8A1E01E3,68672,Resurgent,2025-07-31,
97743,PE91227293DCC,97743,Resurgent,2025-07-31,
98386,PE92D829C9077,98386,Resurgent,2025-07-31,
100416,PE93CD9A1DCB2,100416,Resurgent,2025-07-31,
97718,PE941C0913307,97718,Resurgent,2025-07-31,
99298,PE944287967EF,99298,Resurgent,2025-07-31,
67604,PE9515CA27CED,67604,Resurgent,2025-07-31,
71329,PE96526D8AEC2,71329,Resurgent,2025-07-31,
67766,PE98ED4592582,67766,Resurgent,2025-07-31,
97035,PE996EC97C036,97035,Resurgent,2025-07-31,
74334,PE9BA1425A04F,74334,Resurgent,2025-07-31,
99605,PE9CB36FF7EED,99605,Resurgent,2025-07-31,
72506,PEA19E0F5A53E,72506,Resurgent,2025-07-31,
71737,PEA241A13DEBB,71737,Resurgent,2025-07-31,
98761,PEA2D823B5A29,98761,Resurgent,2025-07-31,
97803,PEA95FD8343BD,97803,Resurgent,2025-07-31,
100226,PEA9B325BEB79,100226,Resurgent,2025-07-31,
98711,PEAC40A27225A,98711,Resurgent,2025-07-31,
66970,PEAC427F6F0BE,66970,Resurgent,2025-07-31,
99526,PEAD476298534,99526,Resurgent,2025-07-31,
97404,PEB0D52A3EBE6,97404,Resurgent,2025-07-31,
99062,PEB1E615481AC,99062,Resurgent,2025-07-31,
100183,PEB3A0738AD9B,100183,Resurgent,2025-07-31,
69897,PEB825B337E33,69897,Resurgent,2025-07-31,
70161,PEBA88950091F,70161,Resurgent,2025-07-31,
71757,PEBCB9D078B04,71757,Resurgent,2025-07-31,
69297,PEBCE3DE01B59,69297,Resurgent,2025-07-31,
100182,PEBF283A8E9BE,100182,Resurgent,2025-07-31,
97205,PEC33D591D4F2,97205,Resurgent,2025-07-31,
98250,PEC4AC7677693,98250,Resurgent,2025-07-31,
97748,PEC4C80715FF0,97748,Resurgent,2025-07-31,
98888,PEC67A5C7AB16,98888,Resurgent,2025-07-31,
98505,PECA1C44C42BF,98505,Resurgent,2025-07-31,
100297,PECDA1B4B1704,100297,Resurgent,2025-07-31,
100269,PECDCB1FFB512,100269,Resurgent,2025-07-31,
98586,PED321E9FA8CE,98586,Resurgent,2025-07-31,
100741,PED41B5F151C3,100741,Resurgent,2025-07-31,
98815,PED66FB9A784B,98815,Resurgent,2025-07-31,
68319,PED6A34099B5E,68319,Resurgent,2025-07-31,
71381,PED86C3C6BC17,71381,Resurgent,2025-07-31,
68246,PEDBE75601EE8,68246,Resurgent,2025-07-31,
100888,PEDBF2A05A0F2,100888,Resurgent,2025-07-31,
102444,PEE07C91A9737,102444,Resurgent,2025-07-31,
97226,PEE1A54445847,97226,Resurgent,2025-07-31,
96993,PEE2C11137DED,96993,Resurgent,2025-07-31,
71748,PEE573A2960FC,71748,Resurgent,2025-07-31,
98241,PEE6B675D8561,98241,Resurgent,2025-07-31,
99112,PEEB39C8CE1D8,99112,Resurgent,2025-07-31,
67181,PEEB7C8329679,67181,Resurgent,2025-07-31,
98820,PEECD038F7000,98820,Resurgent,2025-07-31,
97188,PEFA5A1DD505E,97188,Resurgent,2025-07-31,
98184,PEFAC075C221C,98184,Resurgent,2025-07-31,
100256,PEFACFD74B473,100256,Resurgent,2025-07-31,
98178,PEFB4B573BC13,98178,Resurgent,2025-07-31,
99184,PEFBF2ADAA05B,99184,Resurgent,2025-07-31,
97723,PEFD611BD762D,97723,Resurgent,2025-07-31,
99978,PEFDF5FAB0210,99978,Resurgent,2025-07-31,
68660,PF00359FB11A4,68660,Resurgent,2025-07-31,
99746,PF0244B5DCFB0,99746,Resurgent,2025-07-31,
99130,PF0299B9946AD,99130,Resurgent,2025-07-31,
98776,PF02C18DD2EA6,98776,Resurgent,2025-07-31,
67030,PF02D4C76F8F1,67030,Resurgent,2025-07-31,
71570,PF0437DBA6735,71570,Resurgent,2025-07-31,
98612,PF0B89993D28D,98612,Resurgent,2025-07-31,
70262,PF0D2CEE49B53,70262,Resurgent,2025-07-31,
100804,PF0EF9D37CDA3,100804,Resurgent,2025-07-31,
98048,PF0F0B445143F,98048,Resurgent,2025-07-31,
72484,PF15E170C18B3,72484,Resurgent,2025-07-31,
97965,PF16BD378F406,97965,Resurgent,2025-07-31,
97868,PF1821932E9B5,97868,Resurgent,2025-07-31,
97352,PF1BC39116686,97352,Resurgent,2025-07-31,
98988,PF24ECCF4D303,98988,Resurgent,2025-07-31,
98563,PF2AEB1D1E0F8,98563,Resurgent,2025-07-31,
99278,PF2B1C989FA37,99278,Resurgent,2025-07-31,
98914,PF3361CD27A71,98914,Resurgent,2025-07-31,
99636,PF34755491456,99636,Resurgent,2025-07-31,
71787,PF391D49A3FCF,71787,Resurgent,2025-07-31,
96601,PF3A2FF705B6D,96601,Resurgent,2025-07-31,
98802,PF3B5260C619E,98802,Resurgent,2025-07-31,
96345,PF4E558F99F01,96345,Resurgent,2025-07-31,
68519,PF50BFAF65539,68519,Resurgent,2025-07-31,
71825,PF50F3C370680,71825,Resurgent,2025-07-31,
99471,PF51D3D72E3B8,99471,Resurgent,2025-07-31,
99726,PF520D410F895,99726,Resurgent,2025-07-31,
97731,PF5799FE81200,97731,Resurgent,2025-07-31,
96884,PF5BD70DAC050,96884,Resurgent,2025-07-31,
99343,PF5D9C55388E6,99343,Resurgent,2025-07-31,
100453,PF5E9AF542AE0,100453,Resurgent,2025-07-31,
99022,PF5F191F28248,99022,Resurgent,2025-07-31,
100900,PF5F6F133162B,100900,Resurgent,2025-07-31,
98540,PF62C7CA24633,98540,Resurgent,2025-07-31,
97016,PF642DA4A4350,97016,Resurgent,2025-07-31,
100504,PF653E18B9DB0,100504,Resurgent,2025-07-31,
68958,PF6743416D47F,68958,Resurgent,2025-07-31,
99646,PF676C634CD2D,99646,Resurgent,2025-07-31,
70392,PF7021C5BCC64,70392,Resurgent,2025-07-31,
99466,PF73CDCA50353,99466,Resurgent,2025-07-31,
96968,PF7585DCD14DA,96968,Resurgent,2025-07-31,
99765,PF7AFFBBDAA50,99765,Resurgent,2025-07-31,
100745,PF7C078C2C17B,100745,Resurgent,2025-07-31,
100723,PF7C747C42BD1,100723,Resurgent,2025-07-31,
68656,PF7D9D5DFE538,68656,Resurgent,2025-07-31,
98013,PF7F14210DC1B,98013,Resurgent,2025-07-31,
97014,PF8057EFAD52A,97014,Resurgent,2025-07-31,
98991,PF85D014383B3,98991,Resurgent,2025-07-31,
100901,PF887DB749D16,100901,Resurgent,2025-07-31,
69972,PF89B01390637,69972,Resurgent,2025-07-31,
97367,PF8E056D581DD,97367,Resurgent,2025-07-31,
69588,PF918E7C98BE7,69588,Resurgent,2025-07-31,
98009,PF91EA2050C7C,98009,Resurgent,2025-07-31,
98929,PF96249BE316C,98929,Resurgent,2025-07-31,
98638,PF9807332F9B8,98638,Resurgent,2025-07-31,
99253,PF9AC8A7352EE,99254,Resurgent,2025-07-31,
99494,PF9BE2BF9B951,99494,Resurgent,2025-07-31,
99395,PF9C25507F5EC,99395,Resurgent,2025-07-31,
98219,PFA51D29E6862,98219,Resurgent,2025-07-31,
98393,PFA87E26B6433,98393,Resurgent,2025-07-31,
97360,PFA9A2EB266DD,97360,Resurgent,2025-07-31,
99434,PFAA97E399148,99434,Resurgent,2025-07-31,
98318,PFAE4E314B28D,98318,Resurgent,2025-07-31,
98014,PFB20A162213C,98014,Resurgent,2025-07-31,
97991,PFB4E22A15729,97991,Resurgent,2025-07-31,
98262,PFB7ED1B5A83A,98262,Resurgent,2025-07-31,
73333,PFB87CBA44865,73333,Resurgent,2025-07-31,
67058,PFBCFFF577A77,67058,Resurgent,2025-07-31,
70750,PFC2726ED6082,70750,Resurgent,2025-07-31,
70064,PFC465DCDC79D,70064,Resurgent,2025-07-31,
67188,PFCA2A86AD3D7,67188,Resurgent,2025-07-31,
100324,PFCC4C3682883,100324,Resurgent,2025-07-31,
70409,PFD59A356AFD3,70409,Resurgent,2025-07-31,
100287,PFDA08AD9825F,100287,Resurgent,2025-07-31,
73518,PFDE2DD9A2108,73518,Resurgent,2025-07-31,
100200,PFE04A9BA5FCD,100200,Resurgent,2025-07-31,
97146,PFE1787307D43,97146,Resurgent,2025-07-31,
100461,PFEA134081EE2,100461,Resurgent,2025-07-31,
100092,PFF07397BD892,100092,Resurgent,2025-07-31,
71649,PFF1DA712DC8D,71649,Resurgent,2025-07-31,
98113,PFF61C58EC1D7,98113,Resurgent,2025-07-31,
71327,PFF915136920C,71327,Resurgent,2025-07-31,
